2017,,,,2016,2017,,,,,,
Category Text,Code,Question Text,,Category Text,,Code,Question Text,,,,
Age Group,1524,15-24,,Age Group,1524,1524,15-24,,,,
Age Group,2534,25-34,,Age Group,2534,2534,25-34,,,,
Age Group,3544,35-44,,Age Group,3544,3544,35-44,,,,
Age Group,4554,45-54,,Age Group,4554,4554,45-54,,,,
Age Group,5564,55-64,,Age Group,5564,5564,55-64,,,,
Age Group,6500,65+,,Age Group,6500,6500,65+,,,,
Are you a key buyer with direct purchasing authority for your company?,23,Yes,,Are you a key buyer with direct purchasing authority for your company? - Big5,23,BF81,Yes,,,,
Are you a key buyer with direct purchasing authority for your company?,24,No,,Are you a key buyer with direct purchasing authority for your company? - Big5,24,BF82,No,,,,
Are you interested in other construction events?,27,The Big 5 Saudi: 5 - 8 March 2018,,Are you a key buyer with direct purchasing authority for your company? - MEC,23,MP81,Yes,,,,
Are you interested in other construction events?,28,The Big 5 Heavy: 26 - 28 March 2018,,Are you a key buyer with direct purchasing authority for your company? - MEC,24,MP82,No,,,,
Are you interested in other construction events?,32,The Big 5 Construct North Africa: 10 - 12 April 2018,,"Are you a local distributor looking to meet with international exhibitors? - Big5
",,BF71,Yes,,,,
Are you interested in other construction events?,30,The Big 5 Construct India: 13 – 15 September 2018,,"Are you a local distributor looking to meet with international exhibitors? - Big5
",,BF72,No,,,,
Are you interested in other construction events?,33,The Big 5 Egypt: 15 - 17 September 2018,,Are you a manufacturer or distributor? - Big5 Short Form,,BF171,Manufacturer,,,,
Are you interested in other construction events?,31,The Big 5 Construct East Africa: 31 October – 2 November 2018,,Are you a manufacturer or distributor? - Big5 Short Form,,BF172,Distributor,,,,
Are you interested in other construction events?,29,The Big 5 Construct Indonesia: 7 – 9 November 2018 ,,Are you a manufacturer or distributor? - Big5 Short Form,,BF173,Other,,,,
Are you interested in other construction events?,34,The Big 5 Dubai: 26 - 29 November 2018,,Are you interested in finding out more information about exhibiting?  - MEC,,MP131,Yes,,,,
Are you interested in other construction events?,35,The Big 5 Solar: 26 - 29 November 2018,,Are you interested in finding out more information about exhibiting?  - MEC,,MP132,No,,,,
Are you interested in other construction events?,36,"The Big 5 Outdoor, Design and Build: 26 – 29 November 2018",,Are you interested in finding out more information about exhibiting? - Big5,,BF131,Yes,,,,
Big 5 Workshop Codes - Architecture Talks,BIGT301,"Day 1 - Improving the Architecture, Performance, and Cost Effectiveness of Buildings through Value-driven Design",,Are you interested in finding out more information about exhibiting? - Big5,,BF132,No,,,,
Big 5 Workshop Codes - Architecture Talks,BIGT302,Day 1 - Impact of Architecture: How architecture can connect People and Build Communities?,,Are you interested in other construction events? - Big5,30,BF141,Yes,,,,
Big 5 Workshop Codes - Architecture Talks,BIGT303,Day 2 - The Architecture of a Responsive Environment,,Are you interested in other construction events? - Big5,,BF142,No,,,,
Big 5 Workshop Codes - Architecture Talks,BIGT304,Day 2 - A Rollercoaster Ride – Architecture and Construction over the Past 10 Years,,Are you interested in other construction events? - MEC,30,MP141,Yes,,,,
Big 5 Workshop Codes - Business Talks,BIGT401,Day 1 - An Introduction to VAT in GCC Countries,,Are you interested in other construction events? - MEC,,MP142,No,,,,
Big 5 Workshop Codes - Business Talks,BIGT402,Day 1 - Big 5 Areas to Consider when Resolving the Inevitable Construction Dispute,,Are you interested in other construction events? - Yes -  Big5,,BF151,FM Expo Saudi (Jeddah) | 15 – 17 January 2017,,,,
Big 5 Workshop Codes - Business Talks,BIGT403,Day 1 - The ripple effect of Dubai’s real estate market on the construction sector,,Are you interested in other construction events? - Yes -  Big5,,BF167,The Big 5 Kuwait (Onsite Form),,,,
Big 5 Workshop Codes - Business Talks,BIGT404,Day 2 - The Key to Getting Paid in the UAE Construction Market,,Are you interested in other construction events? - Yes -  Big5,,BF168,The Big 5 East Africa Kenya (Onsite Form),,,,
Big 5 Workshop Codes - Business Talks,BIGT405,Day 4 - Construction claims and defense in a changing context,,Are you interested in other construction events? - Yes -  Big5,,BF169,The Big 5 Indonesia (Onsite Form),,,,
Big 5 Workshop Codes - Business Talks,BIGT406,"Day 4 - Client, consultant and contractor (3Cs) interaction and interrelation in project   success/failure",,Are you interested in other construction events? - Yes -  Big5,,BF170,The Big 5 India (Onsite Forms),,,,
Big 5 Workshop Codes - MEP Talk,BIGT101,Day 1 - Net Zero and Near Net Zero Energy Buildings,,Are you interested in other construction events? - Yes -  Big5,,BF174,None of the above (Onsite Form),,,,
Big 5 Workshop Codes - MEP Talk,BIGT102,Day 1 - MEP Market in UAE – Trends and Forecast for 2018,,Are you interested in other construction events? - Yes -  Big5,,BF152,HVACR Expo Saudi (Jeddah) | 15 - 17 January 2017,,,,
Big 5 Workshop Codes - MEP Talk,BIGT103,Day 2 - Advanced Technologies for MEP in future,,Are you interested in other construction events? - Yes -  Big5,,BF153,The Big 5 Saudi (Jeddah) | 27 - 30 March 2017,,,,
Big 5 Workshop Codes - MEP Talk,BIGT104,Day 4 - Project management and Design Profession,,Are you interested in other construction events? - Yes -  Big5,,BF154,"Stone & Surface Saudi Expo (Jeddah) | 4 - 6 April, 2017",,,,
Big 5 Workshop Codes - Project Management Talks,BIGT601,Day 1 - Construction Quality Management,,Are you interested in other construction events? - Yes -  Big5,,BF155,The Big 5 North Africa (Casablanca) | 25 - 27 April 2017,,,,
Big 5 Workshop Codes - Project Management Talks,BIGT602,Day 2 - Critical Success Factors of Organizational Project Management in Middle East Organizations,,Are you interested in other construction events? - Yes -  Big5,,BF156,Middle East Covering (Dubai) | 22 - 25 May 2017,,,,
Big 5 Workshop Codes - Project Management Talks,BIGT603,Day 4 - Project Management and Design Profession,,Are you interested in other construction events? - Yes -  Big5,,BF157,Middle East Stone (Dubai) |  22 - 25 May 2017,,,,
Big 5 Workshop Codes - Sustainability Talks,BIGT201,Day 1 - Practically Green: Sustainable Achievements and Lessons Learned on Live LEED Projects in the GCC Region,,Are you interested in other construction events? - Yes -  Big5,,BF158,Commercial Cleaning & Hygiene (Dubai) | 25 - 27 September 2017,,,,
Big 5 Workshop Codes - Sustainability Talks,BIGT202,"Day 1 - Integrating Sustainability into all scales (Macro, Intermediate and Micro) of the Built Environment?",,Are you interested in other construction events? - Yes -  Big5,,BF159,Elevators & Access Control (Dubai) | 25 - 27 September 2017,,,,
Big 5 Workshop Codes - Sustainability Talks,BIGT203,Day 2 - Sustainable Waste Management Solutions – Waste Energy,,Are you interested in other construction events? - Yes -  Big5,,BF160,FM EXPO (Dubai) | 25 - 27 September 2017,,,,
Big 5 Workshop Codes - Sustainability Talks,BIGT204,Day 2 - Introduction to LEED Green Associate,,Are you interested in other construction events? - Yes -  Big5,,BF161,Gulf Glass (Dubai) | 25 - 27 September 2017,,,,
Big 5 Workshop Codes - Sustainability Talks,BIGT205,Day 3 -Future Transport Trends and City Planning,,Are you interested in other construction events? - Yes -  Big5,,BF162,Intersolar Middle East (Dubai) | 25 - 27 September 2017,,,,
Big 5 Workshop Codes - Sustainability Talks,BIGT206,Day 3 - The impact of sustainable materials and strategies in architectural design,,Are you interested in other construction events? - Yes -  Big5,,BF163,Middle East Waste & Recycling (Dubai) | 25 - 27 September 2017,,,,
Big 5 Workshop Codes - Technology Talks,BIGT501,Day 3 - How BSI is supporting with the digital transformation of the Built Environment,,Are you interested in other construction events? - Yes -  Big5,,BF164,Outdoor Design & Build Show (Dubai) | 25 - 27 September 2017,,,,
Big 5 Workshop Codes - Technology Talks,BIGT502,Day 3 - The IoT (Internet of Things) Game Changer,,Are you interested in other construction events? - Yes -  Big5,,BF165,"Windows, Doors & Facades (Dubai) | 25 - 27 September 2017",,,,
Big 5 Workshop Codes - Technology Talks,BIGT503,Day 3 - A Year is not Enough: The Impact of the Yearly Software Upgrade Rate on the Implementation,,Are you interested in other construction events? - Yes -  Big5,,BF166,The Big 5 (Dubai) | 26 - 29 November 2017,,,,
Big 5 Workshop Codes - Technology Talks,BIGT504,Day 3 - The amalgamation of BIM and machine learning in AEC industry,,Are you interested in other construction events? - Yes - MEC,,MP176,The Big 5 Kuwait (Onsite form),,,,
Big 5 Workshop Codes - Technology Talks,BIGT505,"Day 4 - BIM and emerging technologies (BIM Coding, Level 3 and Virtual reality) disrupting building construction",,Are you interested in other construction events? - Yes - MEC,,MP177,The Big 5 East Africa Kenya (Onsite form),,,,
Big 5 Workshop Codes - Technology Talks,BIGT506,Day 4 - BIM and project information management / BIM form organization view,,Are you interested in other construction events? - Yes - MEC,,MP169,The Big 5 Indonesia (Onsite Form),,,,
Big 5 Workshop Codes - Technology Talks,BIGT507,Day 4 - BIM and Sustainability - A Perfect match?,,Are you interested in other construction events? - Yes - MEC,,MP170,The Big 5 India (Onsite Form),,,,
CATEGORY,VIS,VISITOR,,Are you interested in other construction events? - Yes - MEC,,MP175,Middle East Coating Show (onsite form),,,,
CATEGORY,VIP,VIP,,Are you interested in other construction events? - Yes - MEC,,MP167,The Big 5 (Dubai) | 21-24 November 2016,,,,
CATEGORY,MED,MEDIA,,Are you interested in other construction events? - Yes - MEC,,MP151,FM Expo Saudi (Jeddah) |15 – 17 January 2017,,,,
CATEGORY,DEL,DELEGATE,,Are you interested in other construction events? - Yes - MEC,,MP152,HVACR Expo Saudi (Jeddah) | 15 - 17 January 2017,,,,
CATEGORY,SPK,SPEAKER,,Are you interested in other construction events? - Yes - MEC,,MP153,The Big 5 Saudi (Jeddah) | 27-30 March 2017,,,,
CATEGORY,STU,STUDENT,,Are you interested in other construction events? - Yes - MEC,,MP168,Africa Renewable Energy Summit | 4 – 5 April 2017,,,,
CATEGORY,NTRAD,NON TRADE,,Are you interested in other construction events? - Yes - MEC,,MP154,"Stone & Surface Saudi Expo (Jeddah) | 4 - 6 April, 2017 ",,,,
CATEGORY,XXX,REGISTRATION,,Are you interested in other construction events? - Yes - MEC,,MP155,The Big 5 North Africa (Casablanca) | 25- 27 April 2017,,,,
CATEGORY,EXH,EXHIBITOR,,Are you interested in other construction events? - Yes - MEC,,MP166,The Big 5 (Dubai) | 26-29 November 2017,,,,
CATEGORY,EXHONS,EXHIBITOR ONSITE,,Are you interested in other construction events? - Yes - MEC,,MP156,Middle East Covering (Dubai)| 22-25 May 2017,,,,
CATEGORY,ORG,ORGANIZER,,Are you interested in other construction events? - Yes - MEC,,MP157,Middle East Stone (Dubai) | 22-25 May 2017,,,,
CATEGORY,PLAT,PLATINUM CLUB,,Are you interested in other construction events? - Yes - MEC,,MP158,Commercial Cleaning & Hygiene (Dubai) | 25 - 27 September 2017,,,,
CATEGORY,PRDEL,Pre Cast Delegate,,Are you interested in other construction events? - Yes - MEC,,MP159,Elevators & Access Control (Dubai) | 25 - 27 September 2017,,,,
CATEGORY,PREXH,Pre Cast Exhibitor,,Are you interested in other construction events? - Yes - MEC,,MP160,FM EXPO (Dubai) | 25 - 27 September 2017,,,,
"Conference, Workshop and Other Categories",WKS,Registered for Workshop,,Are you interested in other construction events? - Yes - MEC,,MP161,Gulf Glass (Dubai) | 25 - 27 September 2017,,,,
"Conference, Workshop and Other Categories",VET,Vetting for The Big 5 Dubai Summit,,Are you interested in other construction events? - Yes - MEC,,MP162,Intersolar Middle East (Dubai) | 25 - 27 September 2017,,,,
NATIONALITY - ISME,AE,United Arab Emirates,,Are you interested in other construction events? - Yes - MEC,,MP163,Middle East Waste & Recycling (Dubai) | 25 - 27 September 2017,,,,
NATIONALITY - ISME,AF,Afghanistan,,Are you interested in other construction events? - Yes - MEC,,MP164,Outdoor Design & Build Show (Dubai) | 25 - 27 September 2017,,,,
NATIONALITY - ISME,AI,Aland Islands,,Are you interested in other construction events? - Yes - MEC,,MP165,"Windows, Doors & Facades (Dubai) | 25 - 27 September 2017",,,,
NATIONALITY - ISME,AL,Albania,,Category,,VIP,VIP,,,,
NATIONALITY - ISME,DZ,Algeria,,Category,,GVIP,Generic VIP,,,,
NATIONALITY - ISME,AD,Andorra,,Category,,GVIS,Generic Visitor,,,,
NATIONALITY - ISME,AO,Angola,,Category,,GUEST,Guest,,,,
NATIONALITY - ISME,AG,Antigua and Barbuda,,Category,,VIS,Visitor,,,,
NATIONALITY - ISME,AR,Argentina,,Category,,DEL,Delegate,,,,
NATIONALITY - ISME,AM,Armenia,,Category,,SPK,Speaker,,,,
NATIONALITY - ISME,AU,Australia,,Category,,MED,Media,,,,
NATIONALITY - ISME,AT,Austria,,Category,,EXH,Exhibitor,,,,
NATIONALITY - ISME,AZ,Azerbaijan,,Category,,EXHONS,Exhibitor Onsite (paid),,,,
NATIONALITY - ISME,BS,Bahamas,,Category,,ORG,Organiser,,,,
NATIONALITY - ISME,BH,Bahrain,,Category,,STU,Student,,,,
NATIONALITY - ISME,BD,Bangladesh,,Category,,NTRAD,Non Trade,,,,
NATIONALITY - ISME,BB,Barbados,,Category,,XXX,Registration,,,,
NATIONALITY - ISME,BY,Belarus,,Category,,PC,Platinum Club,,,,
NATIONALITY - ISME,BE,Belgium,,Countries you import to? - Big5,,BF71A,UAE,,,,
NATIONALITY - ISME,BZ,Belize,,Countries you import to? - Big5,,BF71B,KSA,,,,
NATIONALITY - ISME,BJ,Benin,,Countries you import to? - Big5,,BF71C,Kuwait,,,,
NATIONALITY - ISME,BT,Bhutan,,Countries you import to? - Big5,,BF71D,Oman,,,,
NATIONALITY - ISME,BO,"Bolivia, Plurinational State of",,Countries you import to? - Big5,,BF71E,Bahrain,,,,
NATIONALITY - ISME,BA,Bosnia and Herzegovina,,Countries you import to? - Big5,,BF71F,Qatar,,,,
NATIONALITY - ISME,BW,Botswana,,Direct level of purchasing authority - Big5,,BF91,"Up to $50,000",,,,
NATIONALITY - ISME,BR,Brazil,,Direct level of purchasing authority - Big5,,BF92,"Up to $100,000",,,,
NATIONALITY - ISME,BN,Brunei Darussalam,,Direct level of purchasing authority - Big5,,BF93,"Up to $250,000",,,,
NATIONALITY - ISME,BG,Bulgaria,,Direct level of purchasing authority - Big5,,BF94,"Up to $500,000",,,,
NATIONALITY - ISME,BF,Burkina Faso,,Direct level of purchasing authority - Big5,,BF95,"Up to $1,000,000",,,,
NATIONALITY - ISME,BI,Burundi,,Direct level of purchasing authority - Big5,,BF96,"Up to $5,000,000",,,,
NATIONALITY - ISME,KH,Cambodia,,Direct level of purchasing authority - Big5,,BF97,"Up to $10,000,000",,,,
NATIONALITY - ISME,CM,Cameroon,,Direct level of purchasing authority - Big5,,BF98,Up to $25 million,,,,
NATIONALITY - ISME,CA,Canada,,Direct level of purchasing authority - Big5,,BF99,Up to $50 million,,,,
NATIONALITY - ISME,CV,Cape Verde,,Direct level of purchasing authority - Big5,,BF100,Up to $100 million,,,,
NATIONALITY - ISME,CF,Central African Republic,,Direct level of purchasing authority - Big5,,BF101,100 million +,,,,
NATIONALITY - ISME,TD,Chad,,Direct level of purchasing authority - Big5,,BF102,Don't Know,,,,
NATIONALITY - ISME,CL,Chile,,Direct level of purchasing authority - Big5,,BF103,Other,,,,
NATIONALITY - ISME,CN,China,,Direct level of purchasing authority - Big5,,BF104,None,,,,
NATIONALITY - ISME,CO,Colombia,,Direct level of purchasing authority - MEC,,MP91,"Up to $50,000",,,,
NATIONALITY - ISME,KM,Comoros,,Direct level of purchasing authority - MEC,,MP92,"Up to $100,000",,,,
NATIONALITY - ISME,CG,Congo,,Direct level of purchasing authority - MEC,,MP93,"Up to $250,000",,,,
NATIONALITY - ISME,CD,"Congo, The Democratic Republic of the",,Direct level of purchasing authority - MEC,,MP94,"Up to $500,000",,,,
NATIONALITY - ISME,CR,Costa Rica,,Direct level of purchasing authority - MEC,,MP95,"Up to $1,000,000",,,,
NATIONALITY - ISME,CI,Cote d'Ivoire,,Direct level of purchasing authority - MEC,,MP96,"Up to $5,000,000",,,,
NATIONALITY - ISME,HR,Croatia,,Direct level of purchasing authority - MEC,,MP97,"Up to $10,000,000",,,,
NATIONALITY - ISME,CU,Cuba,,Direct level of purchasing authority - MEC,,MP98,Up to $25 million,,,,
NATIONALITY - ISME,CY,Cyprus,,Direct level of purchasing authority - MEC,,MP99,Up to $50 million,,,,
NATIONALITY - ISME,CZ,Czech Republic,,Direct level of purchasing authority - MEC,,MP100,Up to $100 million,,,,
NATIONALITY - ISME,DK,Denmark,,Direct level of purchasing authority - MEC,,MP101,100 million +,,,,
NATIONALITY - ISME,DJ,Djibouti,,Direct level of purchasing authority - MEC,,MP102,Don't Know,,,,
NATIONALITY - ISME,DM,Dominica,,Direct level of purchasing authority - MEC,,MP103,Other,,,,
NATIONALITY - ISME,DO,Dominican Republic,,Direct level of purchasing authority - MEC,,MP104,None,,,,
NATIONALITY - ISME,EC,Ecuador,,Distributor Networking : From which product sectors are you looking to export products,,D07,Smart building & design technologies,,,,
NATIONALITY - ISME,EG,Egypt,,Distributor Networking : From which product sectors are you looking to export products,,D08,Construction tools & building materials,,,,
NATIONALITY - ISME,SV,El Salvador,,Distributor Networking : From which product sectors are you looking to export products,,D09,Building envelope & special construction,,,,
NATIONALITY - ISME,GQ,Equatorial Guinea,,Distributor Networking : From which product sectors are you looking to export products,,D10,Building interiors & finishes,,,,
NATIONALITY - ISME,ER,Eritrea,,Distributor Networking : From which product sectors are you looking to export products,,D11,MEP services,,,,
NATIONALITY - ISME,EE,Estonia,,Distributor Networking : From which product sectors are you looking to import products ,,D12,Smart building & design technologies,,,,
NATIONALITY - ISME,ET,Ethiopia,,Distributor Networking : From which product sectors are you looking to import products ,,D13,Construction tools & building materials ,,,,
NATIONALITY - ISME,FJ,Fiji,,Distributor Networking : From which product sectors are you looking to import products ,,D14,Building envelope & special construction,,,,
NATIONALITY - ISME,FI,Finland,,Distributor Networking : From which product sectors are you looking to import products ,,D15,Building interiors & finishes ,,,,
NATIONALITY - ISME,FR,France,,Distributor Networking : From which product sectors are you looking to import products ,,D16,MEP services ,,,,
NATIONALITY - ISME,GA,Gabon,,Distributor Networking : Please select which countries you are interested in finding a distributor ,,D01,Saudi Arabia,,,,
NATIONALITY - ISME,GM,Gambia,,Distributor Networking : Please select which countries you are interested in finding a distributor ,,D02,Oman,,,,
NATIONALITY - ISME,GE,Georgia,,Distributor Networking : Please select which countries you are interested in finding a distributor ,,D03,Bahrain,,,,
NATIONALITY - ISME,DE,Germany,,Distributor Networking : Please select which countries you are interested in finding a distributor ,,D04,UAE,,,,
NATIONALITY - ISME,GH,Ghana,,Distributor Networking : Please select which countries you are interested in finding a distributor ,,D05,Kuwait,,,,
NATIONALITY - ISME,GR,Greece,,Distributor Networking : Please select which countries you are interested in finding a distributor ,,D06,Qatar,,,,
NATIONALITY - ISME,GL,Greenland,,Distributor Networking : Sessions,,DS1A,Session 1 – 23 Nov (11am – 1:30pm) : Saudi Arabia,,,,
NATIONALITY - ISME,GD,Grenada,,Distributor Networking : Sessions,,DS1B,Session 1 – 23 Nov (11am – 1:30pm) : Oman,,,,
NATIONALITY - ISME,GT,Guatemala,,Distributor Networking : Sessions,,DS1C,Session 1 – 23 Nov (11am – 1:30pm) : Bahrain,,,,
NATIONALITY - ISME,GN,Guinea,,Distributor Networking : Sessions,,DS2A,Session 2 – 23 Nov (4pm – 6:30pm) : UAE,,,,
NATIONALITY - ISME,GW,Guinea Bissau,,Distributor Networking : Sessions,,DS2B,Session 2 – 23 Nov (4pm – 6:30pm) : Kuwait,,,,
NATIONALITY - ISME,GY,Guyana,,Distributor Networking : Sessions,,DS2C,Session 2 – 23 Nov (4pm – 6:30pm) : Qatar,,,,
NATIONALITY - ISME,HT,Haiti,,GAIA Awards Products,,GAP1,Prometal Metal Industries: ABLOY EL560L Low Energy Lock ,,,,
NATIONALITY - ISME,VA,Holy See (Vatican City State),,GAIA Awards Products,,GAP2,Synergy United Co : DIASEN SRL: Diathonite Evolution  ,,,,
NATIONALITY - ISME,HN,Honduras,,GAIA Awards Products,,GAP3,EcoPower Hybrid Hurricane Ventilator,,,,
NATIONALITY - ISME,HK,Hong Kong,,GAIA Awards Products,,GAP4,Yesos Ibéricos SA : Gypsum board,,,,
NATIONALITY - ISME,HU,Hungary,,GAIA Awards Products,,GAP5,Cobiax Middle East : Cobiax Slab System,,,,
NATIONALITY - ISME,IS,Iceland,,GAIA Awards Products,,GAP6,INOTEC GmbH : OWC - One-Way-Container ,,,,
NATIONALITY - ISME,IN,India,,GAIA Awards Products,,GAP7,Onyx Solar Energy SL : Photovoltaic Glass for Buildings,,,,
NATIONALITY - ISME,ID,Indonesia,,GAIA Awards Products,,GAP8,SAGEGLASS : SageGlass,,,,
NATIONALITY - ISME,IR,"Iran, Islamic Republic of",,GAIA Awards Products,,GAP9,Solidian : Solidian GRID,,,,
NATIONALITY - ISME,IQ,Iraq,,GAIA Awards Products,,GAP10,JUMBO ENGINEERING LLC : TORO Dual Path – Dedicated Outdoor Air System,,,,
NATIONALITY - ISME,IE,Ireland,,MEC Seminar - Let's Get Technical Seminar ,,TS01,Day 1 - How to manage BIM for Concrete Construction                   ,,,,
NATIONALITY - ISME,IL,Israel,,MEC Seminar - Let's Get Technical Seminar ,,TS02,Day 1 - Achieving increased concrete durability and serviceability by the use of improved construction materials and techniques,,,,
NATIONALITY - ISME,IT,Italy,,MEC Seminar - Let's Get Technical Seminar ,,TS03,Day 1 -  Commercial vehicle lubricants in a low Sulphur diesel environment                         ,,,,
NATIONALITY - ISME,JM,Jamaica,,MEC Seminar - Let's Get Technical Seminar ,,TS04,Day 1 - Can Performance-Based Specifications be implemented for Durability of Concrete? Will it work? (MEC),,,,
NATIONALITY - ISME,JP,Japan,,MEC Seminar - Let's Get Technical Seminar ,,TS05,Day 1 - Enhancement of Reinforced Concrete Infrastructure Service Life in the GCC Countries,,,,
NATIONALITY - ISME,JO,Jordan,,MEC Seminar - Let's Get Technical Seminar ,,TS06,Day 2 - Construction and demolition waste recycling – Does it make a business case? ,,,,
NATIONALITY - ISME,KZ,Kazakhstan,,MEC Seminar - Let's Get Technical Seminar ,,TS07,Day 2 - Work at Height Safety   ,,,,
NATIONALITY - ISME,KE,Kenya,,MEC Seminar - Let's Get Technical Seminar ,,TS08,Day 2 - Middle East Concrete Market,,,,
NATIONALITY - ISME,KI,Kiribati,,MEC Seminar - Let's Get Technical Seminar ,,TS09,Day 2 -  Robotics and Applications ,,,,
NATIONALITY - ISME,KP,"Korea, Democratic People's Republic of",,MEC Seminar - Let's Get Technical Seminar ,,TS10,Day 2 - The Importance of Effective Construction Management in Today's Competitive Marketplace.,,,,
NATIONALITY - ISME,KR,"Korea, Republic of",,MEC Seminar - Let's Get Technical Seminar ,,TS11,"Day 2 - Leaks, Tunneling and Deep Foundation Companies (PMV) ",,,,
NATIONALITY - ISME,XK,Kosovo,,MEC Seminar - Let's Get Technical Seminar ,,TS12,Day 3 - The Development of the GRC Industry – 40 years on,,,,
NATIONALITY - ISME,KW,Kuwait,,MEC Seminar - Let's Get Technical Seminar ,,TS13,Day 3 - Equipment management & Maintenance,,,,
NATIONALITY - ISME,KG,Kyrgyzstan,,MEC Seminar - Let's Get Technical Seminar ,,TS14,Day 3 - Non-destructive testing: Quality control & structural evaluation (MEC),,,,
NATIONALITY - ISME,LA,Lao People's Democratic Republic,,MEC Seminar - Let's Get Technical Seminar ,,TS15,Day 3 - Power of Coolants in the construction industry + Coolants DEMO (coolants v/s water v/s other low quality coolants) (PMV),,,,
NATIONALITY - ISME,LV,Latvia,,MEC Seminar - Let's Get Technical Seminar ,,TS16,Day 3 - Fleet Management (PMV),,,,
NATIONALITY - ISME,LB,Lebanon,,MEC Seminar - Let's Get Technical Seminar ,,TS22,Day 3 - Advantages of using dry mix mortar (MEC),,,,
NATIONALITY - ISME,LS,Lesotho,,MEC Seminar - Let's Get Technical Seminar ,,TS17,Day 4 - Influence of soil conditions on design of structures:  ,,,,
NATIONALITY - ISME,LR,Liberia,,MEC Seminar - Let's Get Technical Seminar ,,TS18,Day 4 - Green Building Materials (MEC),,,,
NATIONALITY - ISME,LY,Libya,,MEC Seminar - Let's Get Technical Seminar ,,TS19,Day 4 - GRC – The Next Generation of Materials and Applications,,,,
NATIONALITY - ISME,LI,Liechtenstein,,MEC Seminar - Let's Get Technical Seminar ,,TS20,Day 4 - Difference in lubricants formulated with Group 1 v/s Group 2 base oils and impact on your equipment's (PANEL) (PMV),,,,
NATIONALITY - ISME,LT,Lithuania,,MEC Seminar - Let's Get Technical Seminar ,,TS21,Day 4 - Rail Less Overhead Crane Technology (PMV),,,,
NATIONALITY - ISME,LU,Luxembourg,,MEC Workshop - Building Block Workshop Theatre,,TA1,Day 1 - Fabric Reinforced Cementitious Matrix (FRCM) Composites for Infrastructure Strengthening (MEC),,,,
NATIONALITY - ISME,MO,Macao,,MEC Workshop - Building Block Workshop Theatre,,TA2,Day 1 - Tips to Finance Machinery (PMV),,,,
NATIONALITY - ISME,MK,"Macedonia, The Former Yugoslav Republic of",,MEC Workshop - Building Block Workshop Theatre,,TA3,Day 1 - How to continue to rebuild and prevent against natural disaster? (MEC),,,,
NATIONALITY - ISME,MG,Madagascar,,MEC Workshop - Building Block Workshop Theatre,,TA4,Day 1 - How to buy and sell construction equipment like a pro? (PMV),,,,
NATIONALITY - ISME,MW,Malawi,,MEC Workshop - Building Block Workshop Theatre,,TA5,Day 2 - Durability of Concrete Structures in Aggressive Conditions with FRC  MEC),,,,
NATIONALITY - ISME,MY,Malaysia,,MEC Workshop - Building Block Workshop Theatre,,TA6,Day 2 - A Practical approach towards Behavior Based Safety through OHS Culture Maturity Development Tools (PMV),,,,
NATIONALITY - ISME,MV,Maldives,,MEC Workshop - Building Block Workshop Theatre,,TA7,Day 2 - Advanced Materials and Techniques for Reinforced Concrete Structures – Fiber Reinforced Polymer (FRP) (PANEL) (MEC),,,,
NATIONALITY - ISME,ML,Mali,,MEC Workshop - Building Block Workshop Theatre,,TA8,Day 2 - Evolution of the Tipper Body Weight for the Construction market worldwide (PMV),,,,
NATIONALITY - ISME,MT,Malta,,MEC Workshop - Building Block Workshop Theatre,,TA9,Day 3 - The role of telematics in the Middle East's Construction: Big Data and Big Machines (PMV),,,,
NATIONALITY - ISME,MH,Marshall Islands,,MEC Workshop - Building Block Workshop Theatre,,TA10,Day 3 - Concrete Repair (MEC),,,,
NATIONALITY - ISME,MR,Mauritania,,MEC Workshop - Building Block Workshop Theatre,,TA11,Day 3 -  Arbitration and dispute resolutions in construction claims (MEC),,,,
NATIONALITY - ISME,MU,Mauritius,,MEC Workshop - Building Block Workshop Theatre,,TA12,Day 3 - Efforts towards low emission targets: Clean construction Industry (PMV),,,,
NATIONALITY - ISME,YT,Mayotte,,MEC Workshop - Building Block Workshop Theatre,,TA13,Day 4 - The heavy equipment health check (PMV)     ,,,,
NATIONALITY - ISME,MX,Mexico,,MEC Workshop - Building Block Workshop Theatre,,TA14,Day 4 - Personal Protection Equipment (PPE) –health and safety(PMV),,,,
NATIONALITY - ISME,FM,"Micronesia, Federated States of",,MEC Workshop - Building Block Workshop Theatre,,TA15,Day 4 - Demystifying the ‘fit for purpose’ obligations in EPC and Design & Build Contracts (MEC),,,,
NATIONALITY - ISME,MD,"Moldova, Republic",,MEC Workshop - Building Block Workshop Theatre,,TA16,Day 4 - Mobile Elevating Work Platform innovation & Development,,,,
NATIONALITY - ISME,MC,Monaco,,MEC Workshop - Tools of the Trade Workshop Theater ,,TB1,Day 1 - Challenges and Opportunities in the Concrete Industry (MEC)    ,,,,
NATIONALITY - ISME,MN,Mongolia,,MEC Workshop - Tools of the Trade Workshop Theater ,,TB2,Day 1 - Recycled Concrete in Road Projects (MEC)   ,,,,
NATIONALITY - ISME,ME,Montenegro,,MEC Workshop - Tools of the Trade Workshop Theater ,,TB3,Day 1 -  Performance-Based Specifications: Case studies in the UAE (MEC),,,,
NATIONALITY - ISME,MA,Morocco,,MEC Workshop - Tools of the Trade Workshop Theater ,,TB14,Day 1 - Understanding the application and dynamics of Green Concrete in Dubai (Panel) (MEC),,,,
NATIONALITY - ISME,MZ,Mozambique,,MEC Workshop - Tools of the Trade Workshop Theater ,,TB4,Day 2 - Innovative design methods of concrete – (Intro to Decorative Concrete) (MEC),,,,
NATIONALITY - ISME,MM,Myanmar,,MEC Workshop - Tools of the Trade Workshop Theater ,,TB5,Day 2 - Coloring options for Decorative Concrete - From boring to beautiful - adding color to new or existing concrete (MEC),,,,
NATIONALITY - ISME,NA,Namibia,,MEC Workshop - Tools of the Trade Workshop Theater ,,TB6,Day 2 - Troubleshooting Coating & Sealer Failures - Coating Preparation (MEC),,,,
NATIONALITY - ISME,NR,Nauru,,MEC Workshop - Tools of the Trade Workshop Theater ,,TB7,Day 2 - Trends in Polished Concrete (MEC),,,,
NATIONALITY - ISME,NP,Nepal,,MEC Workshop - Tools of the Trade Workshop Theater ,,TB8,Day 3 - Integrated reliability and durability based structural health monitoring in concrete structures: case study bridges (MEC),,,,
NATIONALITY - ISME,NL,Netherlands,,MEC Workshop - Tools of the Trade Workshop Theater ,,TB9,Day 3 - Precast innovations for sustainability and competitiveness (MEC)        ,,,,
NATIONALITY - ISME,NZ,New Zealand,,MEC Workshop - Tools of the Trade Workshop Theater ,,TB10,Day 3 - Advance Dry Mortar Technology  (MEC),,,,
NATIONALITY - ISME,NI,Nicaragua,,MEC Workshop - Tools of the Trade Workshop Theater ,,TB15,Day 3 -  Development of cement free polymer concrete for use in UAE  ,,,,
NATIONALITY - ISME,NE,Niger,,MEC Workshop - Tools of the Trade Workshop Theater ,,TB11,Day 4 - Concrete Sustainability - The Masdar Experience (MEC)                  ,,,,
NATIONALITY - ISME,NG,Nigeria,,MEC Workshop - Tools of the Trade Workshop Theater ,,TB12,Day 4 - Advances in hot weather concreting (MEC),,,,
NATIONALITY - ISME,NU,Niue,,MEC Workshop - Tools of the Trade Workshop Theater ,,TB13,Day 4 - Carbon Dioxide Utilization in Ready-mix Concrete Production (MEC),,,,
NATIONALITY - ISME,NO,Norway,,MEC Workshop - Tools of the Trade Workshop Theater ,,TB16,"Day 4 - Polyurea, a miracle in coating industry (MEC)       ",,,,
NATIONALITY - ISME,OM,Oman,,Nationality,,AF,Afghan,,,,
NATIONALITY - ISME,PK,Pakistan,,Nationality,,AL,Albanian,,,,
NATIONALITY - ISME,PW,Palau,,Nationality,,DZ,Algerian,,,,
NATIONALITY - ISME,PS,Palestine,,Nationality,,US,American,,,,
NATIONALITY - ISME,PA,Panama,,Nationality,,UM,American Islander,,,,
NATIONALITY - ISME,PG,Papua New Guinea,,Nationality,,AS,American Samoan,,,,
NATIONALITY - ISME,PY,Paraguay,,Nationality,,AD,Andorran,,,,
NATIONALITY - ISME,PE,Peru,,Nationality,,AO,Angolan,,,,
NATIONALITY - ISME,PH,Philippines,,Nationality,,AI,Anguillan,,,,
NATIONALITY - ISME,PL,Poland,,Nationality,,AG,Antiguan / Barbudan,,,,
NATIONALITY - ISME,PT,Portugal,,Nationality,,AR,Argentinian,,,,
NATIONALITY - ISME,QA,Qatar,,Nationality,,AM,Armenian,,,,
NATIONALITY - ISME,RO,Romania,,Nationality,,AW,Aruban,,,,
NATIONALITY - ISME,RU,Russian Federation,,Nationality,,AU,Australian,,,,
NATIONALITY - ISME,RW,Rwanda,,Nationality,,AT,Austrian,,,,
NATIONALITY - ISME,SH,Saint Helena,,Nationality,,AZ,Azerbaijani,,,,
NATIONALITY - ISME,KN,Saint Kitts and Nevis,,Nationality,,BS,Bahamian,,,,
NATIONALITY - ISME,LC,Saint Lucia,,Nationality,,BH,Bahraini,,,,
NATIONALITY - ISME,VC,Saint Vincent and The Grenadines,,Nationality,,BD,Bangladeshi,,,,
NATIONALITY - ISME,WS,Samoa,,Nationality,,BB,Barbadian,,,,
NATIONALITY - ISME,SM,San Marino,,Nationality,,BW,Botswana,,,,
NATIONALITY - ISME,ST,Sao Tome and Principe,,Nationality,,BY,Belarusian,,,,
NATIONALITY - ISME,SA,Saudi Arabia,,Nationality,,BE,Belgian,,,,
NATIONALITY - ISME,SN,Senegal,,Nationality,,BZ,Belizean,,,,
NATIONALITY - ISME,RS,Serbia,,Nationality,,BJ,Beninese,,,,
NATIONALITY - ISME,SC,Seychelles,,Nationality,,BM,Bermudian,,,,
NATIONALITY - ISME,SL,Sierra Leone,,Nationality,,BT,Bhutanese,,,,
NATIONALITY - ISME,SG,Singapore,,Nationality,,GW,Bissau-Guinean,,,,
NATIONALITY - ISME,SK,Slovakia,,Nationality,,BO,Bolivian,,,,
NATIONALITY - ISME,SI,Slovenia,,Nationality,,BA,Bosnian / Herzegovinian,,,,
NATIONALITY - ISME,SB,Solomon Islands,,Nationality,,BR,Brazilian,,,,
NATIONALITY - ISME,SO,Somalia,,Nationality,,GB,British,,,,
NATIONALITY - ISME,ZA,South Africa,,Nationality,,BN,Bruneian,,,,
NATIONALITY - ISME,SS,South Sudan,,Nationality,,BG,Bulgarian,,,,
NATIONALITY - ISME,ES,Spain,,Nationality,,BF,Burkinabe,,,,
NATIONALITY - ISME,LK,Sri Lanka,,Nationality,,MM,Burmese,,,,
NATIONALITY - ISME,SD,Sudan,,Nationality,,BI,Burundian,,,,
NATIONALITY - ISME,SR,Suriname,,Nationality,,KH,Cambodian,,,,
NATIONALITY - ISME,SZ,Swaziland,,Nationality,,CM,Cameroonian,,,,
NATIONALITY - ISME,SE,Sweden,,Nationality,,CA,Canadian,,,,
NATIONALITY - ISME,CH,Switzerland,,Nationality,,CV,Cape Verdean,,,,
NATIONALITY - ISME,SY,Syrian Arab Republic,,Nationality,,KY,Caymanian,,,,
NATIONALITY - ISME,TW,Taiwan,,Nationality,,CF,Central African,,,,
NATIONALITY - ISME,TJ,Tajikistan,,Nationality,,TD,Chadian,,,,
NATIONALITY - ISME,TZ,"Tanzania, United Republic of",,Nationality,,GG,Channel Islander,,,,
NATIONALITY - ISME,TH,Thailand,,Nationality,,JE,Channel Islander,,,,
NATIONALITY - ISME,TL,Timor Leste,,Nationality,,CL,Chilean,,,,
NATIONALITY - ISME,TG,Togo,,Nationality,,CN,Chinese,,,,
NATIONALITY - ISME,TO,Tonga,,Nationality,,CX,Christmas Islanders,,,,
NATIONALITY - ISME,TT,Trinidad and Tobago,,Nationality,,CO,Colombian,,,,
NATIONALITY - ISME,TN,Tunisia,,Nationality,,KM,Comoran,,,,
NATIONALITY - ISME,TR,Turkey,,Nationality,,CG,Congolese,,,,
NATIONALITY - ISME,TM,Turkmenistan,,Nationality,,CD,Congolese,,,,
NATIONALITY - ISME,TV,Tuvalu,,Nationality,,CK,Cook Islander,,,,
NATIONALITY - ISME,UG,Uganda,,Nationality,,CR,Costa Rican,,,,
NATIONALITY - ISME,UA,Ukraine,,Nationality,,HR,Croatian,,,,
NATIONALITY - ISME,GB,United Kingdom,,Nationality,,CU,Cuban,,,,
NATIONALITY - ISME,US,United States,,Nationality,,CY,Cypriot,,,,
NATIONALITY - ISME,UM,United States minor outlying islands,,Nationality,,CZ,Czech,,,,
NATIONALITY - ISME,UY,Uruguay,,Nationality,,DK,Danish,,,,
NATIONALITY - ISME,UZ,Uzbekistan,,Nationality,,DJ,Djiboutian,,,,
NATIONALITY - ISME,VU,Vanuatu,,Nationality,,DM,Dominican,,,,
NATIONALITY - ISME,VE,"Venezuela, Bolivarian Republic of",,Nationality,,DO,Dominican,,,,
NATIONALITY - ISME,VN,Viet Nam,,Nationality,,NL,Dutch,,,,
NATIONALITY - ISME,YE,Yemen,,Nationality,,AN,Dutch Caribean,,,,
NATIONALITY - ISME,ZM,Zambia,,Nationality,,EC,Ecuadorian,,,,
NATIONALITY - ISME,ZW,Zimbabwe,,Nationality,,EG,Egyptian,,,,
PAYMENT CHOICE - PACK 1,INV,INVOICE,,Nationality,,AE,Emirati,,,,
PAYMENT CHOICE - PACK 1,CCP,CREDIT CARD,,Nationality,,GQ,Equatoguinean / Equatorial Guinean,,,,
PAYMENT CHOICE - PACK 1,CXL,CANCELLED,,Nationality,,ER,Eritrean,,,,
PAYMENT DETAILS - PACK 1,IAMNT,INVOICE AMOUNT,,Nationality,,EE,Estonian,,,,
PAYMENT DETAILS - PACK 1,INDAMNT,INDIVIDUAL AMOUNT,,Nationality,,ET,Ethiopian,,,,
PAYMENT DETAILS - PACK 1,INVOICE,INVOICE NUMBER,,Nationality,,FK,Falkland Islander,,,,
PAYMENT DETAILS - PACK 1,IDATE,INVOICE DATE,,Nationality,,FO,Faroese,,,,
PAYMENT DETAILS - PACK 1,PAIDAMNT,AMOUNT PAID,,Nationality,,FJ,Fijian,,,,
PAYMENT DETAILS - PACK 1,PDATE,PAYMENT DATE,,Nationality,,FI,Finnish,,,,
PAYMENT DETAILS - PACK 1,TRANSID,TRANSACTION ID,,Nationality,,FR,French,,,,
PAYMENT DETAILS - PACK 1,DCT,DISCOUNT,,Nationality,,TF,French,,,,
PAYMENT DETAILS - PACK 1,SUBOUT,SUBSTITUTION,,Nationality,,MQ,French,,,,
PAYMENT DETAILS - PACK 1,PCONTACT,PAYMENT FOLLOW UP AND CONTACT DETAILS,,Nationality,,RE,French,,,,
PAYMENT DETAILS - PACK 1,TBI,TO BE INVOICED,,Nationality,,GF,French Guianese,,,,
PAYMENT DETAILS - PACK 1,GROUP,GROUP NAME,,Nationality,,GA,Gabonese,,,,
PAYMENT DETAILS - PACK 1,GRPL,GROUP LEADER,,Nationality,,GM,Gambian,,,,
PAYMENT DETAILS - PACK 1,GRPM,GROUP MEMBER,,Nationality,,GE,Georgian,,,,
PAYMENT MODE - PACK 1,CASH,CASH,,Nationality,,DE,German,,,,
PAYMENT MODE - PACK 1,CHQ,CHEQUE,,Nationality,,GH,Ghanaian,,,,
PAYMENT MODE - PACK 1,EFT,ELECTRONIC FUND TRANSFER,,Nationality,,GI,Gibraltar,,,,
PAYMENT MODE - PACK 1,PTO,PAID TO ORGANIZER,,Nationality,,GR,Greek,,,,
PAYMENT MODE - PACK 1,VISA,VISA,,Nationality,,GL,Greenlandic,,,,
PAYMENT MODE - PACK 1,MASTER,MASTERCARD,,Nationality,,GD,Grenadian,,,,
PAYMENT MODE - PACK 1,AMEX,AMERICAN EXPRESS,,Nationality,,GU,Guamanian,,,,
PAYMENT STATUS - PACK 1,PAID,PAID,,Nationality,,GT,Guatemalan,,,,
PAYMENT STATUS - PACK 1,FOC,FREE OF CHARGE,,Nationality,,GN,Guinean,,,,
PAYMENT STATUS - PACK 1,NPAID,NOT PAID,,Nationality,,GY,Guyanese,,,,
PAYMENT STATUS - PACK 1,PAIDONS,ONSITE PAYMENT,,Nationality,,HT,Haitian,,,,
PAYMENT STATUS - PACK 1,PAIDFT,PAID FAST TRACK,,Nationality,,HN,Honduran,,,,
PAYMENT STATUS - PACK 1,XNPAID,NPAID XCODED,,Nationality,,HK,Hong Konger,,,,
PAYMENT STATUS - PACK 1,PAP,PRE APPROVED BY ORGANIZER,,Nationality,,HU,Hungarian,,,,
REGISTRATION TYPE,P17,Pre-registered 2017 (+ date & time stamp),,Nationality,,IS,Icelandic,,,,
REGISTRATION TYPE,P17DMG,Pre-registered 2017 FROM DMG Pages,,Nationality,,KI,I-Kiribati,,,,
REGISTRATION TYPE,INT,Internet registration preshow,,Nationality,,IN,Indian,,,,
REGISTRATION TYPE,INTONS,Internet registration during show,,Nationality,,ID,Indonesian,,,,
REGISTRATION TYPE,P17E,Pre-registered 2017 - Exhibition (+ date & time stamp),,Nationality,,IR,Iranian,,,,
REGISTRATION TYPE,P17C,Pre-registered 2017 - Conference (+ date & time stamp),,Nationality,,IQ,Iraqi,,,,
REGISTRATION TYPE,EXPO,EXHIBITION REGISTRATION,,Nationality,,IE,Irish,,,,
REGISTRATION TYPE,CONF,CONFERENCE REGISTRATION,,Nationality,,IT,Italian,,,,
REGISTRATION TYPE,SELFR,SELF REGISTRATION,,Nationality,,CI,Ivoirian,,,,
REGISTRATION TYPE,EMID,EMIRATES ID REGISTRATION,,Nationality,,JM,Jamaican,,,,
REGISTRATION TYPE,UPG,Upgraded from VIS to Platinum,,Nationality,,JP,Japanese,,,,
Show Registered For,BIG,Big 5,,Nationality,,JO,Jordanian,,,,
Show Registered For,SOL,Big 5 Solar,,Nationality,,KZ,Kazakhstani,,,,
Solar Conference Package Code,VIPP,VIP delegate pass (Includes VIP lounge access) - $595,,Nationality,,KE,Kenyan,,,,
Solar Conference Package Code,INDP,Individual delegate pass - $495,,Nationality,,KN,Kittitian / Nevisian,,,,
Solar Conference Package Code,CORP,Corporate delegate pass (3 or more bookings from the same company) - $395,,Nationality,,XK,Kosovar,,,,
Solar Conference Package Code,EBDP,Early bird rate (up till 19th October) - $375,,Nationality,,KW,Kuwaiti,,,,
Solar Workshop Codes,SOLT01,Day 1 - All you need to know about VAT for the solar industry,,Nationality,,KG,Kyrgyzstani,,,,
Solar Workshop Codes,SOLT02,Day 1 - Where Solar and Construction Meet: Building Integrated PV (BIPV) and Energy Efficient Building Design,,Nationality,,LA,Laotian,,,,
Solar Workshop Codes,SOLT03,Day 1 - Getting the best from PV in the Middle East: The Role of Utilities and the question of long-term PV reliability in harsh environments,,Nationality,,LV,Latvian,,,,
Solar Workshop Codes,SOLT04,Day 2 - Coupling Desalination with Solar Energy – Step Towards Moving Away from Reliance on Fossil Fuel for Energy Needs of Desalination Process,,Nationality,,LB,Lebanese,,,,
Solar Workshop Codes,SOLT05,Day 2 - Optimisation of Solar Energy at District Level,,Nationality,,LR,Liberian,,,,
Solar Workshop Codes,SOLT06,Day 2 - Exploring the potential for solar desalination in the Middle East,,Nationality,,LY,Libyan,,,,
Solar Workshop Codes,SOLT07,Day 3 - Significance and overview of the technology used in Solar/PV inverters,,Nationality,,LI,Liechtenstein,,,,
Solar Workshop Codes,SOLT08,Day 3 - Initiatives to support Dubai clean Energy plan 2050 – case study of HH Mohammed bin Rashid Al Maktoum Solar park,,Nationality,,LT,Lithuanian,,,,
Solar Workshop Codes,SOLT09,Day 3 - Tools and techniques for commissioning and maintenance of PV systems,,Nationality,,LU,Luxembourg,,,,
Solar Workshop Codes,SOLT10,Day 4 - Energy Storage System for Solar Energy Systems from Utility Scale to Small Scale: Over-rated and Under-rated Parameters and Alternatives to Batteries,,Nationality,,MO,Macanese,,,,
Solar Workshop Codes,SOLT11,Day 4 - Renewable Energy Technology Trends and Prospects for Fueling Growth,,Nationality,,MK,Macedonian,,,,
Solar Workshop Codes,SOLT12,"Day 4 - Achieving energy independence with off-grid, battery based solar energy systems",,Nationality,,YT,Mahoran,,,,
UTM Values,UTMCA,utm_campaign,,Nationality,,MG,Malagasy,,,,
UTM Values,UTMCO,utm_content,,Nationality,,MW,Malawian,,,,
UTM Values,UTMME,utm_medium,,Nationality,,MY,Malaysian,,,,
UTM Values,UTMRE,utm_RefCode,,Nationality,,MV,Maldivian,,,,
UTM Values,UTMSO,utm_source,,Nationality,,ML,Malian,,,,
UTM Values,UTMTE,utm_term,,Nationality,,MT,Maltese,,,,
What is your company's primary activity? (Big 5),6,Agent - distributor - supplier,,Nationality,,IM,Manx,,,,
What is your company's primary activity? (Big 5),7,Architectural Firm,,Nationality,,MH,Marshallese,,,,
What is your company's primary activity? (Big 5),8,Building Consultancy,,Nationality,,MR,Mauritanian,,,,
What is your company's primary activity? (Big 5),9,Contractor,,Nationality,,MU,Mauritian,,,,
What is your company's primary activity? (Big 5),10,Engineering,,Nationality,,MX,Mexican,,,,
What is your company's primary activity? (Big 5),11,Facilities Management,,Nationality,,FM,Micronesian,,,,
What is your company's primary activity? (Big 5),12,Government,,Nationality,,MD,Moldovan,,,,
What is your company's primary activity? (Big 5),13,Interior Design Agency - Other,,Nationality,,MC,Monacan,,,,
What is your company's primary activity? (Big 5),14,IT & Software,,Nationality,,MN,Mongolian,,,,
What is your company's primary activity? (Big 5),15,Landscaping,,Nationality,,ME,Montenegrin,,,,
What is your company's primary activity? (Big 5),16,Manufacturer,,Nationality,,MS,Montserratian,,,,
What is your company's primary activity? (Big 5),17,Property Developer,,Nationality,,MA,Moroccan,,,,
What is your company's primary activity? (Big 5),18,Trade Association,,Nationality,,LS,Mosotho,,,,
What is your company's primary activity? (Big 5),19,MEP Contractor,,Nationality,,MZ,Mozambican,,,,
What is your company's primary activity? (Big 5),20,Education & Training,,Nationality,,NA,Namibian,,,,
What is your company's primary activity? (Big 5),21,Sub-contractor,,Nationality,,NR,Nauruan,,,,
What is your company's primary activity? (Big 5),22,Surveying,,Nationality,,NP,Nepali,,,,
What is your company's primary activity? (Big 5),80,Other,,Nationality,,NC,New Caledonian,,,,
"What is your company's primary activity? (Solar)	",40,Agent – Distributor - Supplier,,Nationality,,NZ,New Zealand,,,,
"What is your company's primary activity? (Solar)	",41,Architecture Company/Building Integration,,Nationality,,NI,Nicaraguan,,,,
"What is your company's primary activity? (Solar)	",81,Education & Training,,Nationality,,NG,Nigerian,,,,
"What is your company's primary activity? (Solar)	",82,Electric Transportation,,Nationality,,NE,Nigerien,,,,
"What is your company's primary activity? (Solar)	",83,Electricity Trading & Marketing ,,Nationality,,NU,Niuean,,,,
"What is your company's primary activity? (Solar)	",84,Energy Consulting,,Nationality,,VU,Ni-Vanuatu,,,,
"What is your company's primary activity? (Solar)	",47,Government / Municipality,,Nationality,,KP,North Korean,,,,
"What is your company's primary activity? (Solar)	",43,Installer & Integrator,,Nationality,,NO,Norwegian,,,,
"What is your company's primary activity? (Solar)	",85,Investment Company / Financial Consulting,,Nationality,,OM,Omani,,,,
"What is your company's primary activity? (Solar)	",86,IT & Software ,,Nationality,,PK,Pakistani,,,,
"What is your company's primary activity? (Solar)	",87,Legal Services,,Nationality,,PW,Palauan,,,,
"What is your company's primary activity? (Solar)	",48,"Manufacturer (such as PV Cells & Modules, PV Equipment & Material, PV Component, Energy Storage, PV Systems Technology)",,Nationality,,PS,Palestinian,,,,
"What is your company's primary activity? (Solar)	",88,"Project Developer & Planner, EPC",,Nationality,,PA,Panamanian,,,,
"What is your company's primary activity? (Solar)	",89,Research & Development,,Nationality,,PG,Papua New Guinean,,,,
"What is your company's primary activity? (Solar)	",90,Smart Grid Technology Provider / Grid Management Company,,Nationality,,PY,Paraguayan,,,,
"What is your company's primary activity? (Solar)	",91,Trade Association ,,Nationality,,PE,Peruvian,,,,
"What is your company's primary activity? (Solar)	",92,Utility company,,Nationality,,PH,Philippine / Filipino,,,,
"What is your company's primary activity? (Solar)	",42,Building Consultancy (old),,Nationality,,PN,Pitcairn Islanders,,,,
"What is your company's primary activity? (Solar)	",45,Engineering (old),,Nationality,,PL,Polish,,,,
"What is your company's primary activity? (Solar)	",46,Facilities Management (old),,Nationality,,PT,Portuguese,,,,
"What is your company's primary activity? (Solar)	",49,Property Developer (old),,Nationality,,PR,Puerto Rican,,,,
"What is your company's primary activity? (Solar)	",51,MEP Contractor (old),,Nationality,,QA,Qatari,,,,
"What is your company's primary activity? (Solar)	",53,Sub-Contractor (old),,Nationality,,RO,Romanian,,,,
"What is your company's primary activity? (Solar)	",56,Surveying (old),,Nationality,,RU,Russian,,,,
"What is your company's primary activity? (Solar)	",99,Other,,Nationality,,RW,Rwandan,,,,
What is your current employment status?,37,Employed,,Nationality,,LC,Saint Lucian,,,,
What is your current employment status?,38,Unemployed,,Nationality,,PM,Saint-Pierrais / Miquelonnais,,,,
What is your current employment status?,39,Student,,Nationality,,SV,Salvadoran,,,,
What is your product interest? MAIN (Big 5),1,MEP Services,,Nationality,,SM,Sammarinese,,,,
What is your product interest? MAIN (Big 5),2,Building Interiors & Finishes,,Nationality,,WS,Samoan,,,,
What is your product interest? MAIN (Big 5),3,Building Envelope & Special Construction,,Nationality,,ST,Sao Tomean,,,,
What is your product interest? MAIN (Big 5),4,Construction Tools & Building Materials,,Nationality,,SA,Saudi Arabian,,,,
What is your product interest? MAIN (Big 5),5,Construct Technology & Innovation,,Nationality,,SN,Senegalese,,,,
What is your product interest? MAIN (Big 5),63,Solar,,Nationality,,RS,Serbian,,,,
What is your product interest? MAIN (Solar),59,Photovoltaics,,Nationality,,SC,Seychellois,,,,
What is your product interest? MAIN (Solar),60,Solar Thermal Technologies (CSP),,Nationality,,SL,Sierra Leonean,,,,
What is your product interest? MAIN (Solar),61,Energy Storage,,Nationality,,SG,Singaporean,,,,
What is your product interest? MAIN (Solar),62,Solar Technology and Related Services,,Nationality,,SK,Slovakian,,,,
What is your product interest? MAIN (Solar),64,Other,,Nationality,,SI,Slovenian,,,,
What is your product interest? SUB (Big 5),01A,HVAC-R,,Nationality,,SB,Solomon Islander,,,,
What is your product interest? SUB (Big 5),01B,Plumbing & Water Technology,,Nationality,,SO,Somali,,,,
What is your product interest? SUB (Big 5),01C,Electrical Systems,,Nationality,,ZA,South African,,,,
What is your product interest? SUB (Big 5),01D,Security & Fire Protection,,Nationality,,KR,South Korean,,,,
What is your product interest? SUB (Big 5),02A,"Kitchen, Bathroom & Related Surfaces",,Nationality,,SS,South Sudanese,,,,
What is your product interest? SUB (Big 5),02B,"Flooring, Ceiling, Walling & Other Interior Finishes",,Nationality,,ES,Spanish,,,,
What is your product interest? SUB (Big 5),02C,Lighting,,Nationality,,LK,Sri Lankan,,,,
What is your product interest? SUB (Big 5),02D,"Coatings, Sealants & Adhesives",,Nationality,,SD,Sudanese,,,,
What is your product interest? SUB (Big 5),03A," Windows, Doors & Sun Protection Systems",,Nationality,,SR,Surinamese,,,,
What is your product interest? SUB (Big 5),03B,"Roofing, Cladding & Glazing",,Nationality,,SJ,Svalbard & Jan Mayen Islanders,,,,
What is your product interest? SUB (Big 5),03C,Special Construction,,Nationality,,SZ,Swazi,,,,
What is your product interest? SUB (Big 5),03D,Outdoor Construction,,Nationality,,SE,Swedish,,,,
What is your product interest? SUB (Big 5),04A,"Hardware, Construction Tools & Equipment",,Nationality,,CH,Swiss,,,,
What is your product interest? SUB (Big 5),04B,Metal & Steel,,Nationality,,SY,Syrian,,,,
What is your product interest? SUB (Big 5),05A,Software & IT Solutions,,Nationality,,TW,Taiwanese,,,,
What is your product interest? SUB (Big 5),05B,Building Information Modeling (BIM),,Nationality,,TJ,Tajikistani,,,,
What is your product interest? SUB (Big 5),05C,Robotics,,Nationality,,TZ,Tanzanian,,,,
What is your product interest? SUB (Big 5),05D,3D Printing,,Nationality,,TH,Thai,,,,
What is your product interest? SUB (Big 5),05E,Smart Building & Automation,,Nationality,,TL,Timorese,,,,
What is your product interest? SUB (Big 5),05F,Professional Services,,Nationality,,TG,Togolese,,,,
What is your product interest? SUB (Big 5),63A,Photovoltaics (PV),,Nationality,,TK,Tokelauan,,,,
What is your product interest? SUB (Big 5),63B,Solar Thermal Technologies (CSP),,Nationality,,TO,Tongan,,,,
What is your product interest? SUB (Big 5),63C,Energy Storage,,Nationality,,TT,Trinidadian / Tobagonian,,,,
What is your product interest? SUB (Big 5),63D,Solar Technology and Related Services,,Nationality,,TN,Tunisian,,,,
What is your product interest? SUB (Solar),59A,PV Cells and Modules,,Nationality,,TR,Turkish,,,,
What is your product interest? SUB (Solar),59B,PV Thin Film,,Nationality,,TM,Turkmen,,,,
What is your product interest? SUB (Solar),59C,PV Components,,Nationality,,TC,Turks and Caicos Islander,,,,
What is your product interest? SUB (Solar),59D,PV Inverters,,Nationality,,TV,Tuvaluan,,,,
What is your product interest? SUB (Solar),59E,"PV Mounting Systems, Installation Aids and Tracking Systems",,Nationality,,VI,U.S. Virgin Islander,,,,
What is your product interest? SUB (Solar),59F,"PV Monitoring, Measurement and Control Technology Energy Management",,Nationality,,UG,Ugandan,,,,
What is your product interest? SUB (Solar),59G,PV Integration and Automation,,Nationality,,UA,Ukrainian,,,,
What is your product interest? SUB (Solar),59H,Building Integrated Solutions (BIPV),,Nationality,,UY,Uruguayan,,,,
What is your product interest? SUB (Solar),59I,PV Manufacturing Equipment,,Nationality,,UZ,Uzbekistani,,,,
What is your product interest? SUB (Solar),59J,EPC Contracting / Project Development,,Nationality,,VE,Venezuelan,,,,
What is your product interest? SUB (Solar),59K,"PV Maintenance, Repair and Operations",,Nationality,,VN,Vietnamese,,,,
What is your product interest? SUB (Solar),60A,Solar Thermal Collectors,,Nationality,,VC,Vincentian,,,,
What is your product interest? SUB (Solar),60B,Solar Thermal Process Heat,,Nationality,,VB,Virgin Islander,,,,
What is your product interest? SUB (Solar),60C,Solar Thermal Air-conditioning and Cooling,,Nationality,,WF,Wallisian / Futunan,,,,
What is your product interest? SUB (Solar),60D,Solar Thermal Building Integrated Solutions,,Nationality,,YE,Yemeni,,,,
What is your product interest? SUB (Solar),60E,"Solar Thermal System Technologies (Control Systems, Pumps, Fittings, Heat Exchangers, Expansion Tanks, Air Separators)",,Nationality,,ZM,Zambian,,,,
What is your product interest? SUB (Solar),60F,EPC Contracting / Project Development,,Nationality,,ZW,Zimbabwean,,,,
What is your product interest? SUB (Solar),60G,"CSP Maintenance, Repair and Operations",,Nationality,,NAT,Nationality,,,,
What is your product interest? SUB (Solar),61A,"Batteries, Battery Packs",,No of Employees - (0-10) - Big5,,BF111A,Local,,,,
What is your product interest? SUB (Solar),61B,Battery Management Systems,,No of Employees - (0-10) - Big5,,BF111B,Regional,,,,
What is your product interest? SUB (Solar),61C,Charging Technology and Devices,,No of Employees - (0-10) - Big5,,BF111C,International,,,,
What is your product interest? SUB (Solar),61D,Flow Batteries,,No of Employees - (0-10) - MEC,,MP111A,Local,,,,
What is your product interest? SUB (Solar),61E,Fuel Cells,,No of Employees - (0-10) - MEC,,MP111B,Regional,,,,
What is your product interest? SUB (Solar),61F,"Energy Storage Systems Maintenance, Repair and Operations",,No of Employees - (0-10) - MEC,,MP111C,International,,,,
What is your product interest? SUB (Solar),62A,Software and IT Solutions,,No of Employees - (11-50) - Big5,,BF112A,Local,,,,
What is your product interest? SUB (Solar),62B,Engineering and Design Services,,No of Employees - (11-50) - Big5,,BF112B,Regional,,,,
What is your product interest? SUB (Solar),62C,Consulting Services,,No of Employees - (11-50) - Big5,,BF112C,International,,,,
What is your product interest? SUB (Solar),62D,Testing Institutions,,No of Employees - (11-50) - MEC,,MP112A,Local,,,,
What is your product interest? SUB (Solar),62E,Research and Development,,No of Employees - (11-50) - MEC,,MP112B,Regional,,,,
What is your product interest? SUB (Solar),62F,Financing and Investment,,No of Employees - (11-50) - MEC,,MP112C,International,,,,
What is your product interest? SUB (Solar),62G,Education and Training,,No of Employees - (251+) - Big5,,BF114A,Local,,,,
What is your product interest? SUB (Solar),62H,Government Organizations and Associations,,No of Employees - (251+) - Big5,,BF114B,Regional,,,,
What is your product interest? SUB (Solar),62I,Media and Publishing,,No of Employees - (251+) - Big5,,BF114C,International,,,,
Would you like more information about exhibiting at this year's event?,25,Yes,,No of Employees - (251+) - MEC,,MP114A,Local,,,,
Would you like more information about exhibiting at this year's event?,26,No,,No of Employees - (251+) - MEC,,MP114B,Regional,,,,
,,,,No of Employees - (251+) - MEC,,MP114C,International,,,,
,,,,No of Employees - (51-250) - Big5,,BF113A,Local,,,,
,,,,No of Employees - (51-250) - Big5,,BF113B,Regional,,,,
,,,,No of Employees - (51-250) - Big5,,BF113C,International,,,,
,,,,No of Employees - (51-250) - MEC,,MP113A,Local,,,,
,,,,No of Employees - (51-250) - MEC,,MP113B,Regional,,,,
,,,,No of Employees - (51-250) - MEC,,MP113C,International,,,,
,,,,No of Employees - Big5,,BF111,0-10,,,,
,,,,No of Employees - Big5,,BF112,Nov-50,,,,
,,,,No of Employees - Big5,,BF113,51-250,,,,
,,,,No of Employees - Big5,,BF114,251+,,,,
,,,,No of Employees - MEC,,MP111,0 – 10,,,,
,,,,No of Employees - MEC,,MP112,11 – 50,,,,
,,,,No of Employees - MEC,,MP113,51 – 250,,,,
,,,,No of Employees - MEC,,MP114,251+,,,,
,,,,Other - Big5 (Onsite Form),,BF642,Associations,,,,
,,,,Other - Big5 (Onsite Form),,BF643,Education & Training,,,,
,,,,Other - Big5 (Onsite Form),,BF644,Government,,,,
,,,,Other - Big5 (Onsite Form),,BF645,Media,,,,
,,,,Payment Details,,PAMNT,Paid Amount,,,,
,,,,Payment Details,,PDATE,Payment Date ,,,,
,,,,Payment Details,,PDETAILS,Payment Details - Transaction ID,,,,
,,,,Payment Details,,ONS,Paid Onsite,,,,
,,,,Payment Details,,PNOTE,Payment Notes,,,,
,,,,Payment for Speed Networking Event,,PBLOCK,Payment Blocked USD500,,,,
,,,,Payment for Speed Networking Event,,PAMNT,Amount,,,,
,,,,Payment for Speed Networking Event,,VI,Visa,,,,
,,,,Payment for Speed Networking Event,,MC,Mastercard,,,,
,,,,Payment for Speed Networking Event,,AMEX,American Express,,,,
,,,,Payment for Speed Networking Event,,PADATE,PreAuth Date,,,,
,,,,Payment for Speed Networking Event,,JCB,JCB,,,,
,,,,Payment Mode,VISA,VI,Visa Card Payment,,,,
,,,,Payment Mode,MASTER,MC,MasterCard Payment,,,,
,,,,Payment Mode,AMEX,AMEX,Amex Card Payment,,,,
,,,,Payment Mode,CASH,CASH,Cash Payment,,,,
,,,,Payment Mode,,CC,Credit Card,,,,
,,,,Payment Status,PAID,PAID,Payment Received,,,,
,,,,Payment Status,NPAID,NPAID,Payment not received,,,,
,,,,Payment Status,FOC,FOC,Free of Charge,,,,
,,,,Recommend a Colleague,,INV,Invitor,,,,
,,,,Recommend a Colleague,,INVE,Invitee,,,,
,,,,Recommend a Colleague,,IFCN,Registered Invitee,,,,
,,,,Show Admission Policy/Terms of Condition,,TNC,Please select to confirm you have read and agree to admission policy,,,,
,,,,Show Registered For,BIG,BIG,Big 5,,,,
,,,,Show Registered For,SOL,MEC,Middle East Concrete and PMV Live,,,,
,,,,Speed Networking Vetting Codes,,DIS,Distributor Networking,,,,
,,,,Speed Networking Vetting Codes,,DISR,Speed Networking Rejection,,,,
,,,,Speed Networking Vetting Codes,,DISA,Speed Networking Approved,,,,
,,,,UTM Codes,,UTM_SOURCE,UTMSource,,,,
,,,,UTM Codes,,UTM_MEDIUM,UTMMedium,,,,
,,,,UTM Codes,,UTM_CAMPAIGN,UTMCampaign,,,,
,,,,UTM Codes,,UTM_CONTENT,CampaignSource,,,,
,,,,UTM Codes,,UTM_TERM,PromotionCode,,,,
,,,,What area of media do you work in? - MEC (MED Onsite Form),,MP511,Journalism,,,,
,,,,What area of media do you work in? - MEC (MED Onsite Form),,MP512,Freelance writing,,,,
,,,,What area of media do you work in? - MEC (MED Onsite Form),,MP513,Radio,,,,
,,,,What area of media do you work in? - MEC (MED Onsite Form),,MP514,TV,,,,
,,,,What area of media do you work in? - MEC (MED Onsite Form),,MP515,Photography,,,,
,,,,What area of media do you work in? - MEC (MED Onsite Form),,MP516,Publishing,,,,
,,,,What area of media do you work in? - MEC (MED Onsite Form),,MP517,PR,,,,
,,,,What area of media do you work in? - MEC (MED Onsite Form),,MP518,Blogging,,,,
,,,,What area of media do you work in? - MEC (MED Onsite Form),,MP519,Videography,,,,
,,,,What area of media do you work in? - MEC (MED Onsite Form),,MP520,Other,,,,
,,,,What is your current employment status? - Big5,,BFEMP,Employed,,,,
,,,,What is your current employment status? - Big5,,BFUNE,Unemployed,,,,
,,,,What is your current employment status? - Big5,,BFSTU,Student,,,,
,,,,What is your current employment status? - MEC,,MPEMP,Employed,,,,
,,,,What is your current employment status? - MEC,,MPUNE,Unemployed,,,,
,,,,What is your current employment status? - MEC,,MPSTU,Student,,,,
,,,,What is your nature of business ? - MEC,6,MP201,Agent - distributor - supplier,,,,
,,,,What is your nature of business ? - MEC,7,MP202,Architectural Firm,,,,
,,,,What is your nature of business ? - MEC,8,MP204,Building Consultancy,,,,
,,,,What is your nature of business ? - MEC,80,MP205,Cement Supplier,,,,
,,,,What is your nature of business ? - MEC,80,MP206,Commercial Services,,,,
,,,,What is your nature of business ? - MEC,9,MP208,Contractor,,,,
,,,,What is your nature of business ? - MEC,80,MP209,Education & Training,,,,
,,,,What is your nature of business ? - MEC,10,MP210,Engineering,,,,
,,,,What is your nature of business ? - MEC,80,MP213,Façade Engineering,,,,
,,,,What is your nature of business ? - MEC,11,MP214,Facilities Management,,,,
,,,,What is your nature of business ? - MEC,12,MP218,Government/Municipality,,,,
,,,,What is your nature of business ? - MEC,13,MP219,Interior Design Agency - Other,,,,
,,,,What is your nature of business ? - MEC,13,MP223,IT & Software,,,,
,,,,What is your nature of business ? - MEC,14,MP224,Landscaping,,,,
,,,,What is your nature of business ? - MEC,15,MP227,Manufacturer,,,,
,,,,What is your nature of business ? - MEC,16,MP236,MEP Contractor,,,,
,,,,What is your nature of business ? - MEC,19,MP238,Property Developer,,,,
,,,,What is your nature of business ? - MEC,17,MP241,Repair Contractor,,,,
,,,,What is your nature of business ? - MEC,80,MP245,Sub-Contractor,,,,
,,,,What is your nature of business ? - MEC,21,MP246,Surveying,,,,
,,,,What is your nature of business ? - MEC,22,MP248,Trade Association,,,,
,,,,What is your nature of business ? - MEC,18,MP249,Transport & Supply chain,,,,
,,,,What is your nature of business ? - MEC,80,MP250,Waste & Recycling,,,,
,,,,What is your nature of business ? - MEC,80,MP299,Others,,,,
,,,,What is your nature of business? - Big5,6,BF201,Agent - distributor - supplier,,What is your company's primary activity? (Big 5),6,Agent - distributor - supplier
,,,,What is your nature of business? - Big5,7,BF202,Architectural Firm,,What is your company's primary activity? (Big 5),7,Architectural Firm
,,,,What is your nature of business? - Big5,8,BF204,Building Consultancy,,What is your company's primary activity? (Big 5),8,Building Consultancy
,,,,What is your nature of business? - Big5,80,BF205,Cement Supplier,,What is your company's primary activity? (Big 5),9,Contractor
,,,,What is your nature of business? - Big5,80,BF206,Commercial Services,,What is your company's primary activity? (Big 5),10,Engineering
,,,,What is your nature of business? - Big5,9,BF208,Contractor,,What is your company's primary activity? (Big 5),11,Facilities Management
,,,,What is your nature of business? - Big5,80,BF209,Education & Training,,What is your company's primary activity? (Big 5),12,Government
,,,,What is your nature of business? - Big5,10,BF210,Engineering,,What is your company's primary activity? (Big 5),13,Interior Design Agency - Other
,,,,What is your nature of business? - Big5,80,BF213,Façade Engineering,,What is your company's primary activity? (Big 5),14,IT & Software
,,,,What is your nature of business? - Big5,11,BF214,Facilities Management,,What is your company's primary activity? (Big 5),15,Landscaping
,,,,What is your nature of business? - Big5,12,BF218,Government/Municipality,,What is your company's primary activity? (Big 5),16,Manufacturer
,,,,What is your nature of business? - Big5,13,BF252,Interior Design Agency,,What is your company's primary activity? (Big 5),17,Property Developer
,,,,What is your nature of business? - Big5,13,BF219,Interior Design Agency - Other,,What is your company's primary activity? (Big 5),18,Trade Association
,,,,What is your nature of business? - Big5,14,BF223,IT & Software,,What is your company's primary activity? (Big 5),19,MEP Contractor
,,,,What is your nature of business? - Big5,15,BF224,Landscaping,,What is your company's primary activity? (Big 5),20,Education & Training
,,,,What is your nature of business? - Big5,16,BF227,Manufacturer,,What is your company's primary activity? (Big 5),21,Sub-contractor
,,,,What is your nature of business? - Big5,19,BF236,MEP Contractor,,What is your company's primary activity? (Big 5),22,Surveying
,,,,What is your nature of business? - Big5,17,BF238,Property Developer,,What is your company's primary activity? (Big 5),80,Other
,,,,What is your nature of business? - Big5,80,BF241,Repair Contractor,,,,
,,,,What is your nature of business? - Big5,21,BF245,Sub-Contractor,,,,
,,,,What is your nature of business? - Big5,22,BF246,Surveying,,,,
,,,,What is your nature of business? - Big5,18,BF248,Trade Association,,,,
,,,,What is your nature of business? - Big5,80,BF249,Transport & Supply chain,,,,
,,,,What is your nature of business? - Big5,80,BF250,Waste & Recycling,,,,
,,,,What is your nature of business? - Big5,80,BF299,Others,,,,
,,,,What is your publication/programme name? - Big5 (Media Onsite Form),,BF311,Publication 1,,,,
,,,,What is your publication/programme name? - Big5 (Media Onsite Form),,BF312,Publication 2,,,,
,,,,What is your publication/programme name? - MEC (MED Onsite Form),,MP311,Publication 1,,,,
,,,,What is your publication/programme name? - MEC (MED Onsite Form),,MP312,Publication 2,,,,
,,,,What region do you operate in? - MEC (MED Onsite Form),,MP411,UAE,,,,
,,,,What region do you operate in? - MEC (MED Onsite Form),,MP412,GCC,,,,
,,,,What region do you operate in? - MEC (MED Onsite Form),,MP413,MENA,,,,
,,,,What region do you operate in? - MEC (MED Onsite Form),,MP414,International,,,,
,,,,What region do you operate in? - MEC (MED Onsite Form),,MP419,Other ,,,,
,,,,What topic areas do you cover? - MEC (MED Onsite Form),,MP611,"Accessories, Wear Parts & Components",,,,
,,,,What topic areas do you cover? - MEC (MED Onsite Form),,MP612,Aggregates & Aggregate Processing,,,,
,,,,What topic areas do you cover? - MEC (MED Onsite Form),,MP613,Batching Equipment,,,,
,,,,What topic areas do you cover? - MEC (MED Onsite Form),,MP614,"Block, Paver & Tile Production Equipment",,,,
,,,,What topic areas do you cover? - MEC (MED Onsite Form),,MP615,Cement & Cementitious Products,,,,
,,,,What topic areas do you cover? - MEC (MED Onsite Form),,MP616,Construction Chemicals & Admixtures,,,,
,,,,What topic areas do you cover? - MEC (MED Onsite Form),,MP617,Construction & Commercial Vehicles,,,,
,,,,What topic areas do you cover? - MEC (MED Onsite Form),,MP618,Cranes & Access Equipment,,,,
,,,,What topic areas do you cover? - MEC (MED Onsite Form),,MP619,"Crushing, Screening and Recycling Equipment",,,,
,,,,What topic areas do you cover? - MEC (MED Onsite Form),,MP620,"Cutting, Sawing & Coring Equipment",,,,
,,,,What topic areas do you cover? - MEC (MED Onsite Form),,MP621,Decorative Concrete,,,,
,,,,What topic areas do you cover? - MEC (MED Onsite Form),,MP622,Earthmoving Equipment,,,,
,,,,What topic areas do you cover? - MEC (MED Onsite Form),,MP623,"Exterior Improvements, Repair & Retrofitting",,,,
,,,,What topic areas do you cover? - MEC (MED Onsite Form),,MP624,Finishing Tools & Equipment,,,,
,,,,What topic areas do you cover? - MEC (MED Onsite Form),,MP625,"Formwork, Formwork Accessories & Scaffolding",,,,
,,,,What topic areas do you cover? - MEC (MED Onsite Form),,MP626,Lifting Appliances & Conveying Systems,,,,
,,,,What topic areas do you cover? - MEC (MED Onsite Form),,MP627,Material Processing & Handling,,,,
,,,,What topic areas do you cover? - MEC (MED Onsite Form),,MP628,Piling & Drilling Equipment,,,,
,,,,What topic areas do you cover? - MEC (MED Onsite Form),,MP629,Placing Equipment,,,,
,,,,What topic areas do you cover? - MEC (MED Onsite Form),,MP630,Power Generation,,,,
,,,,What topic areas do you cover? - MEC (MED Onsite Form),,MP631,Precast Production & Equipment,,,,
,,,,What topic areas do you cover? - MEC (MED Onsite Form),,MP632,Pumping Equipment & Accessories,,,,
,,,,What topic areas do you cover? - MEC (MED Onsite Form),,MP633,Raw Materials Extraction Equipment,,,,
,,,,What topic areas do you cover? - MEC (MED Onsite Form),,MP634,Ready Mixed Concrete,,,,
,,,,What topic areas do you cover? - MEC (MED Onsite Form),,MP635,Rebar & Rebar Processing,,,,
,,,,What topic areas do you cover? - MEC (MED Onsite Form),,MP636,"Site Clearing, Demolition & Relocation",,,,
,,,,What topic areas do you cover? - MEC (MED Onsite Form),,MP637,Site Installation Equipment,,,,
,,,,What topic areas do you cover? - MEC (MED Onsite Form),,MP638,Surface Preparation,,,,
,,,,What topic areas do you cover? - MEC (MED Onsite Form),,MP639,"Transmission Engineering, Fluid Technology & Filtration",,,,
,,,,What topic areas do you cover? - MEC (MED Onsite Form),,MP640,Truck Mixers,,,,
,,,,What topic areas do you cover? - MEC (MED Onsite Form),,MP641,Others,,,,
,,,,What topic areas do you cover? - MEC (MED Onsite Form),,MP642,Associations,,,,
,,,,What topic areas do you cover? - MEC (MED Onsite Form),,MP643,Education & Training,,,,
,,,,What topic areas do you cover? - MEC (MED Onsite Form),,MP644,Government,,,,
,,,,What topic areas do you cover? - MEC (MED Onsite Form),,MP645,Media,,,,
,,,,"While visiting Middle East Concrete and PMV Live, what products will you be mainly looking for?	",,MP01,"Accessories, Wear Parts & Components",,,,
,,,,"While visiting Middle East Concrete and PMV Live, what products will you be mainly looking for?	",,MP02,Aggregates & Aggregate Processing,,,,
,,,,"While visiting Middle East Concrete and PMV Live, what products will you be mainly looking for?	",,MP03,Batching Equipment,,,,
,,,,"While visiting Middle East Concrete and PMV Live, what products will you be mainly looking for?	",,MP04,"Block, Paver & Tile Production Equipment",,,,
,,,,"While visiting Middle East Concrete and PMV Live, what products will you be mainly looking for?	",,MP05,Cement & Cementitious Products,,,,
,,,,"While visiting Middle East Concrete and PMV Live, what products will you be mainly looking for?	",,MP06,Construction Chemicals & Admixtures,,,,
,,,,"While visiting Middle East Concrete and PMV Live, what products will you be mainly looking for?	",,MP07,Construction & Commercial Vehicles,,,,
,,,,"While visiting Middle East Concrete and PMV Live, what products will you be mainly looking for?	",,MP08,Construction Machinery,,,,
,,,,"While visiting Middle East Concrete and PMV Live, what products will you be mainly looking for?	",,MP09,Cranes & Access Equipment,,,,
,,,,"While visiting Middle East Concrete and PMV Live, what products will you be mainly looking for?	",,MP10,"Crushing, Screening and Recycling Equipment",,,,
,,,,"While visiting Middle East Concrete and PMV Live, what products will you be mainly looking for?	",,MP11,"Cutting, Sawing & Coring Equipment",,,,
,,,,"While visiting Middle East Concrete and PMV Live, what products will you be mainly looking for?	",,MP12,Decorative Concrete,,,,
,,,,"While visiting Middle East Concrete and PMV Live, what products will you be mainly looking for?	",,MP13,Earthmoving Equipment,,,,
,,,,"While visiting Middle East Concrete and PMV Live, what products will you be mainly looking for?	",,MP14,"Exterior Improvements, Repair & Retrofitting",,,,
,,,,"While visiting Middle East Concrete and PMV Live, what products will you be mainly looking for?	",,MP15,Finishing Tools & Equipment,,,,
,,,,"While visiting Middle East Concrete and PMV Live, what products will you be mainly looking for?	",,MP16,"Formwork, Formwork Accessories & Scaffolding",,,,
,,,,"While visiting Middle East Concrete and PMV Live, what products will you be mainly looking for?	",,MP17,Lifting Appliances & Conveying Systems,,,,
,,,,"While visiting Middle East Concrete and PMV Live, what products will you be mainly looking for?	",,MP18,Material Processing & Handling,,,,
,,,,"While visiting Middle East Concrete and PMV Live, what products will you be mainly looking for?	",,MP19,Piling & Drilling Equipment,,,,
,,,,"While visiting Middle East Concrete and PMV Live, what products will you be mainly looking for?	",,MP20,Placing Equipment,,,,
,,,,"While visiting Middle East Concrete and PMV Live, what products will you be mainly looking for?	",,MP21,Power Generation,,,,
,,,,"While visiting Middle East Concrete and PMV Live, what products will you be mainly looking for?	",,MP22,Precast Production & Equipment,,,,
,,,,"While visiting Middle East Concrete and PMV Live, what products will you be mainly looking for?	",,MP23,Pumping Equipment & Accessories,,,,
,,,,"While visiting Middle East Concrete and PMV Live, what products will you be mainly looking for?	",,MP24,Raw Materials Extraction Equipment,,,,
,,,,"While visiting Middle East Concrete and PMV Live, what products will you be mainly looking for?	",,MP25,Ready Mixed Concrete,,,,
,,,,"While visiting Middle East Concrete and PMV Live, what products will you be mainly looking for?	",,MP26,Rebar & Rebar Processing,,,,
,,,,"While visiting Middle East Concrete and PMV Live, what products will you be mainly looking for?	",,MP27,"Site Clearing, Demolition & Relocation",,,,
,,,,"While visiting Middle East Concrete and PMV Live, what products will you be mainly looking for?	",,MP28,Site Installation Equipment,,,,
,,,,"While visiting Middle East Concrete and PMV Live, what products will you be mainly looking for?	",,MP29,Surface Preparation,,,,
,,,,"While visiting Middle East Concrete and PMV Live, what products will you be mainly looking for?	",,MP30,"Transmission Engineering, Fluid Technology & Filtration",,,,
,,,,"While visiting Middle East Concrete and PMV Live, what products will you be mainly looking for?	",,MP31,Truck Mixers,,,,
,,,,"While visiting Middle East Concrete and PMV Live, what products will you be mainly looking for?	",,MP32,Steel Fabrication Machinery – (Metal / Steel / Aluminum),,,,
,,,,"While visiting Middle East Concrete and PMV Live, what products will you be mainly looking for?	",,MP39,Other (specify),,,,
,,,,"While visiting Middle East Concrete and PMV Live, what products will you be mainly looking for?	",,MP33,Lubricants (onsite form),,,,
,,,,"While visiting The Big 5, what products will you be mainly looking for?",,BF01,MEP Services,,,,
,,,,"While visiting The Big 5, what products will you be mainly looking for?",,BF06,Other,,,,
,,,,"While visiting The Big 5, what products will you be mainly looking for?",,BF02,Building Interiors & Finishes,,,,
,,,,"While visiting The Big 5, what products will you be mainly looking for?",,BF03,Building Envelope & Special Construction,,,,
,,,,"While visiting The Big 5, what products will you be mainly looking for?",,BF04,Construction Tools & Building Materials,,,,
,,,,"While visiting The Big 5, what products will you be mainly looking for?",,BF05,Smart Building & Design Technologies,,,,
,,,,"While visiting The Big 5, what products will you be mainly looking for? - Building Envelope & Special Construction ",,BF03A,"Windows, Doors & Sun Protection Systems",,,,
,,,,"While visiting The Big 5, what products will you be mainly looking for? - Building Envelope & Special Construction ",,BF03B,"Roofing, Cladding & Glazing",,,,
,,,,"While visiting The Big 5, what products will you be mainly looking for? - Building Envelope & Special Construction ",,BF03C,Special Construction,,,,
,,,,"While visiting The Big 5, what products will you be mainly looking for? - Building Interiors & Finishes
",,BF02A,"Bathroom, Kitchen & Related Services",,,,
,,,,"While visiting The Big 5, what products will you be mainly looking for? - Building Interiors & Finishes
",,BF02B,"Flooring, Ceiling, Wall Finishes & Other Interior Finishes",,,,
,,,,"While visiting The Big 5, what products will you be mainly looking for? - Building Interiors & Finishes
",,BF02C,Lighting,,,,
,,,,"While visiting The Big 5, what products will you be mainly looking for? - Building Interiors & Finishes
",,BF02D,"Sealants, Coatings & Adhesives",,,,
,,,,"While visiting The Big 5, what products will you be mainly looking for? - Construction Tools & Building Materials",,BF04A,Construction Tools & Equipment,,,,
,,,,"While visiting The Big 5, what products will you be mainly looking for? - Construction Tools & Building Materials",,BF04B,"Metal, Steel & Aluminium",,,,
,,,,"While visiting The Big 5, what products will you be mainly looking for? - MEP Services",,BF01A,"Heating, Ventilation & Air Conditioning
",,,,
,,,,"While visiting The Big 5, what products will you be mainly looking for? - MEP Services",,BF01B,Plumbing & Water Technology,,,,
,,,,"While visiting The Big 5, what products will you be mainly looking for? - MEP Services",,BF01C,"Electrical Systems
",,,,
,,,,"While visiting The Big 5, what products will you be mainly looking for? - MEP Services",,BF01D,Security & Fire Protection,,,,
,,,,"While visiting The Big 5, what products will you be mainly looking for? - MEP Services",,BF01E,Solar Energy,,,,
,,,,"While visiting The Big 5, what products will you be mainly looking for? - Smart Building & Design Technologies",,BF05A,Software for Construction,,,,
,,,,"While visiting The Big 5, what products will you be mainly looking for? - Smart Building & Design Technologies",,BF05B,Design Technologies,,,,
,,,,"While visiting The Big 5, what products will you be mainly looking for? - Smart Building & Design Technologies",,BF05C,Building Automation,,,,
,,,,Workshop and other Category,,WKS,Workshop for Big 5,,,,
,,,,Workshop and other Category,,MWKS,Workshop for MEC and PMV Live,,,,
,,,,Workshop and other Category,,HTDB,How to do Business in UAE,,,,
,,,,Workshop: Theater 1 - TECHNOLOGY IN CONSTRUCTION,,T1A1,Day 1 - 12:00 - 13:00 BIM as information management and design process  ,,,,
,,,,Workshop: Theater 1 - TECHNOLOGY IN CONSTRUCTION,,T1A2,Day 1 - 14:00 - 15:00 -  How BIM is transforming the construction industry,,,,
,,,,Workshop: Theater 1 - TECHNOLOGY IN CONSTRUCTION,,T1A3,"Day 1 - 16:00 - 17:00 BIM there, done that",,,,
,,,,Workshop: Theater 1 - TECHNOLOGY IN CONSTRUCTION,,T1B1,Day 2 - 12:00 - 13:00- BIM for coordination – from concept to construction,,,,
,,,,Workshop: Theater 1 - TECHNOLOGY IN CONSTRUCTION,,T1B2,Day 2 - 14:00 - 15:00 - The BIM 4D modeling through the project life cycle,,,,
,,,,Workshop: Theater 1 - TECHNOLOGY IN CONSTRUCTION,,T1B3,Day 2 - 16:00 - 17:00 - IoT-izing The Construction Industry - 1001 Real Life Case Studies from Around the Globe,,,,
,,,,Workshop: Theater 1 - TECHNOLOGY IN CONSTRUCTION,,T1C1,Day 3 - 12:00 - 13:00 - BIM Case study of office with warehouse,,,,
,,,,Workshop: Theater 1 - TECHNOLOGY IN CONSTRUCTION,,T1C2,Day 3 - 14:00 - 15:00 - Integrating Material and Textural Information for As-Built BIM Using IR Sensing,,,,
,,,,Workshop: Theater 1 - TECHNOLOGY IN CONSTRUCTION,,T1C3,Day 3 - 16:00 - 17:00 - Bim4Analysis,,,,
,,,,Workshop: Theater 1 - TECHNOLOGY IN CONSTRUCTION,,T1D1,Day 4 - 12:00 - 13:00 - What’s wrong with BIM? - Challenges in the Adoption of a new Planning Paradigm,,,,
,,,,Workshop: Theater 1 - TECHNOLOGY IN CONSTRUCTION,,T1D2,Day 4 - 14:00 - 15:00 - How to get the best out of BIM intelligence in design process and taking it forward in construction,,,,
,,,,Workshop: Theater 1 - TECHNOLOGY IN CONSTRUCTION,,T1D3,Day 4 - 16:00 - 17:00 - BIM for construction ,,,,
,,,,Workshop: Theater 2 - ARCHITECTECTURE & MEP SERVICES,,T2A1,Day 1 - 12:00 - 13:00 - Architectural Advancement: Creating an Iconic Development,,,,
,,,,Workshop: Theater 2 - ARCHITECTECTURE & MEP SERVICES,,T2A2,Day 1 - 14:00 - 15:00 - Adaptive Architecture: convertible structures,,,,
,,,,Workshop: Theater 2 - ARCHITECTECTURE & MEP SERVICES,,T2A3,Day 1 - 16:00 - 17:00 - Improving façade performance through design,,,,
,,,,Workshop: Theater 2 - ARCHITECTECTURE & MEP SERVICES,,T2B1,"Day 2 - 12:00 - 13:00 - Transformation, Translation and Representation",,,,
,,,,Workshop: Theater 2 - ARCHITECTECTURE & MEP SERVICES,,T2B2,Day 2 - 14:00 - 15:00 - Sustainability Beyond Design ,,,,
,,,,Workshop: Theater 2 - ARCHITECTECTURE & MEP SERVICES,,T2B3,"Day 2 - 16:00 - 17:00 - 
Smart Construction & Architecture",,,,
,,,,Workshop: Theater 2 - ARCHITECTECTURE & MEP SERVICES,,T2C1,Day 3 - 12:00 - 13:00 - Efficient and sustainable cooling,,,,
,,,,Workshop: Theater 2 - ARCHITECTECTURE & MEP SERVICES,,T2C2,Day 3 - 14:00 - 15:00 - Significance of MEP - What’s next for District Cooling?,,,,
,,,,Workshop: Theater 2 - ARCHITECTECTURE & MEP SERVICES,,T2C3,Day 3 - 16:00 - 17:00 - Energy Efficient HVAC System's for Healthcare,,,,
,,,,Workshop: Theater 2 - ARCHITECTECTURE & MEP SERVICES,,T2D1,Day 4 - 12:00 - 13:00 - MEP in transport Infrastructure,,,,
,,,,Workshop: Theater 2 - ARCHITECTECTURE & MEP SERVICES,,T2D2,"Day 4 - 14:00 - 15:00 - MEP trade, challenges, trends and solutions",,,,
,,,,Workshop: Theater 2 - ARCHITECTECTURE & MEP SERVICES,,T2D3,Day 4 - 16:00 - 17:00 - Comparative Analysis of Traditional Vs. Sustainable Chilled Water Plant Design,,,,
,,,,Workshop: Theater 3 - EMPHASIS ON SAFETY AND LOGISTICS,,T3A1,Day 1 - 12:00 - 13:00 - Condition of assets a growing concern,,,,
,,,,Workshop: Theater 3 - EMPHASIS ON SAFETY AND LOGISTICS,,T3A2,"Day 1 - 14:00 - 15:00 - 
Good practice during work at quarries",,,,
,,,,Workshop: Theater 3 - EMPHASIS ON SAFETY AND LOGISTICS,,T3A3,"Day 1 - 16:00 - 17:00 - 
Driving Culture change through Leadership",,,,
,,,,Workshop: Theater 3 - EMPHASIS ON SAFETY AND LOGISTICS,,T3B1,Day 2 -  12:00 - 13:00 - All you need to know about the new UAE Fire Code ,,,,
,,,,Workshop: Theater 3 - EMPHASIS ON SAFETY AND LOGISTICS,,T3B2,Day 2 -  14:00 - 15:00 - Defining health and safety leadership behaviours,,,,
,,,,Workshop: Theater 3 - EMPHASIS ON SAFETY AND LOGISTICS,,T3B3,Day 2 -  16:00 - 17:00 - Do complex innovative building envelopes comprise health and safety,,,,
,,,,Workshop: Theater 3 - EMPHASIS ON SAFETY AND LOGISTICS,,T3C1,Day 3 - 12:00 - 13:00 - SCM Contribution to successful project management and analyzing the extensive project pipeline,,,,
,,,,Workshop: Theater 3 - EMPHASIS ON SAFETY AND LOGISTICS,,T3C2,Day 3 - 14:00 - 15:00 - Smart Procurement & Local Manufacturing (Cancelled),,,,
,,,,Workshop: Theater 3 - EMPHASIS ON SAFETY AND LOGISTICS,,T3C3,Day 3 - 16:00 - 17:00 - IOT & Drones Logistics Technologies in  Construction,,,,
,,,,Workshop: Theater 3 - EMPHASIS ON SAFETY AND LOGISTICS,,T3D1,Day 4 - 12:00 - 13:00 - Supply-chain management in construction industry ,,,,
,,,,Workshop: Theater 3 - EMPHASIS ON SAFETY AND LOGISTICS,,T3D2,Day 4 - 14:00 - 15:00 - Procurement transformation strategies,,,,
,,,,Workshop: Theater 3 - EMPHASIS ON SAFETY AND LOGISTICS,,T3D3,Day 4 - 16:00 - 17:00 - Logistics planning of construction projects for Expo 2020,,,,
,,,,Workshop: Theater 4 - SUSTAINABILITY IS THE FUTURE,,T4A1,Day 1 - 12:00 - 13:00 Zero Carbon Buildings: Management of Design and Construction ,,,,
,,,,Workshop: Theater 4 - SUSTAINABILITY IS THE FUTURE,,T4A2,Day 1 - 14:00 - 15:00 Importance of Reserve Fund Studies in Protecting Property Value,,,,
,,,,Workshop: Theater 4 - SUSTAINABILITY IS THE FUTURE,,T4A3,Day 1 - 16:00 - 17:00 Importance of energy audits and energy reduction strategies ,,,,
,,,,Workshop: Theater 4 - SUSTAINABILITY IS THE FUTURE,,T4B1,Day 2 - 12:00 - 13:00 Leapfrogging the residential new construction industry in the GCC to a sustainable future,,,,
,,,,Workshop: Theater 4 - SUSTAINABILITY IS THE FUTURE,,T4B2,"Day 2 - 14:00 - 15:00 
Indoor Environmental Quality (IEQ) Strategies for LEED v4",,,,
,,,,Workshop: Theater 4 - SUSTAINABILITY IS THE FUTURE,,T4B3,Day 2 - 16:00 - 17:00 Energy and Atmosphere Strategies for LEED v4 ,,,,
,,,,Workshop: Theater 4 - SUSTAINABILITY IS THE FUTURE,,T4C1,Day 3 - 12:00 - 13:00 Sustainability Vs. Life Riddles,,,,
,,,,Workshop: Theater 4 - SUSTAINABILITY IS THE FUTURE,,T4C2,Day 3 - 14:00 - 15:00  Evaluating the impact and application of sustainable development in the GCC,,,,
,,,,Workshop: Theater 4 - SUSTAINABILITY IS THE FUTURE,,T4C3,Day 3 - 16:00 - 17:00  Layering the Future,,,,
,,,,Workshop: Theater 4 - SUSTAINABILITY IS THE FUTURE,,T4D1,"Day 4 - 12:00 - 13:00 
Business Opportunities and growth areas in the Construction Industry in today’s New Normal",,,,
,,,,Workshop: Theater 4 - SUSTAINABILITY IS THE FUTURE,,T4D2,Day 4 - 14:00 - 15:00 Regional Technical Solutions for LEED ,,,,
,,,,Workshop: Theater 4 - SUSTAINABILITY IS THE FUTURE,,T4D3,Day 4 - 16:00 - 17:00 Tools for sustainable development at district level,,,,
,,,,Workshop: Theater 5 - BUSINESS STRATEGIES & MARKETING STRATEGIES,,T5A1,Day 1 - 12:00 - 13:00 Keys to resolving the inevitable construction dispute,,,,
,,,,Workshop: Theater 5 - BUSINESS STRATEGIES & MARKETING STRATEGIES,,T5A2,"Day 1 - 14:00 - 15:00 
Construction Quality Management ",,,,
,,,,Workshop: Theater 5 - BUSINESS STRATEGIES & MARKETING STRATEGIES,,T5A3,Day 1 - 16:00 - 17:00 How to import and export from the U.K & Europe ,,,,
,,,,Workshop: Theater 5 - BUSINESS STRATEGIES & MARKETING STRATEGIES,,T5B1,Day 2 - 12:00 - 13:00 Sustainability for C-level Executives,,,,
,,,,Workshop: Theater 5 - BUSINESS STRATEGIES & MARKETING STRATEGIES,,T5B2,Day 2 - 14:00 - 15:00 Labor and employment issues,,,,
,,,,Workshop: Theater 5 - BUSINESS STRATEGIES & MARKETING STRATEGIES,,T5B3,Day 2 - 16:00 - 17:00 Establishing a Difference that can be preserved,,,,
,,,,Workshop: Theater 5 - BUSINESS STRATEGIES & MARKETING STRATEGIES,,T5C1,Day 3 -  12:00 - 13:00 Social media in the construction field,,,,
,,,,Workshop: Theater 5 - BUSINESS STRATEGIES & MARKETING STRATEGIES,,T5C2,Day 3 - 14:00 - 15:00 Recognizing PPP as a driver for sustainable infrastructure industry,,,,
,,,,Workshop: Theater 5 - BUSINESS STRATEGIES & MARKETING STRATEGIES,,T5C3,Day 3 - 16:00 - 17:00 How to use licensing to sell your products ,,,,
,,,,Workshop: Theater 5 - BUSINESS STRATEGIES & MARKETING STRATEGIES,,T5D1,Day 4 - 12:00 - 13:00 Effective Marketing strategies in the Construction Industry,,,,
,,,,Workshop: Theater 5 - BUSINESS STRATEGIES & MARKETING STRATEGIES,,T5D2,Day 4 - 14:00 - 15:00 Finance for non finance managers,,,,
,,,,Workshop: Theater 5 - BUSINESS STRATEGIES & MARKETING STRATEGIES,,T5D3,Day 4 - 16:00 - 17:00 Future of Retail Design and Trends,,,,
,,,,Workshop: Theater 6 - PROJECT MANAGEMENT,,T6A1,Day 1 - 12:00 - 13:00 Implementation Practical Risk Management for Mega Construction Projects : Project Management,,,,
,,,,Workshop: Theater 6 - PROJECT MANAGEMENT,,T6A2,Day 1 - 14:00 - 15:00 Sidestep Complexity ,,,,
,,,,Workshop: Theater 6 - PROJECT MANAGEMENT,,T6A3,Day 1 - 16:00 - 17:00 How to make PMOs critical to Business: The Business PMO ,,,,
,,,,Workshop: Theater 6 - PROJECT MANAGEMENT,,T6B1,Day 2 - 12:00 - 13:00 Is every request from business a project? ,,,,
,,,,Workshop: Theater 6 - PROJECT MANAGEMENT,,T6B2,Day 2 - 14:00 - 15:00 BIM Between Theory and Practice,,,,
,,,,Workshop: Theater 6 - PROJECT MANAGEMENT,,T6B3,Day 2 - 16:00 - 17:00 Leadership to drive projects and project management career to effective change    ,,,,
,,,,Workshop: Theater 6 - PROJECT MANAGEMENT,,T6C1,"Day 3 -  12:00 - 13:00 
Controlling Productivity in Construction Projects",,,,
,,,,Workshop: Theater 6 - PROJECT MANAGEMENT,,T6C2,Day 3 - 14:00 - 15:00 Intrapreneurship - Need of the Hour in Program Management,,,,
,,,,Workshop: Theater 6 - PROJECT MANAGEMENT,,T6C3,Day 3 - 16:00 - 17:00 Construction Projects and their impact on project's constraints,,,,
,,,,Workshop: Theater 6 - PROJECT MANAGEMENT,,T6D1,"Day 4  - 12:00 - 13:00 
Institutionalizing Project Management",,,,
,,,,Workshop: Theater 6 - PROJECT MANAGEMENT,,T6D2,Day 4 -  14:00 - 15:00 Does your strategy performance truly reflect your portfolio performance? ,,,,
,,,,Workshop: Theater 6 - PROJECT MANAGEMENT,,T6D3,Day 4 - 16:00 - 17:00 Towards Lean Construction: the future of BIM–based project planning and control ,,,,
